HAUL_ID,CRUISE,STATION_NAME,YEAR,MONTH,DAY,GMT_DATE_TIME
1TX11 21 1 60BON 1,1TX11,21,2011,4,28,4/28/2011 13:19
1TX11 22 1 60BON 1,1TX11,22,2011,4,29,4/29/2011 19:52
1TX11 23 1 60BON 1,1TX11,23,2011,4,29,4/29/2011 23:37
1TX11 24 1 60BON 1,1TX11,24,2011,4,30,4/30/2011 18:10
1TX11 25 1 60BON 1,1TX11,25,2011,4,30,4/30/2011 22:28
1TX11 26 1 60BON 1,1TX11,26,2011,4,30,4/30/2011 0:49
1TX11 27 1 60BON 1,1TX11,27,2011,4,30,4/30/2011 4:49
1TX11 28 1 60BON 1,1TX11,28,2011,4,30,4/30/2011 7:06
1TX11 29 1 60BON 1,1TX11,29,2011,4,30,4/30/2011 18:27
1TX11 30 1 60BON 1,1TX11,30,2011,4,30,4/30/2011 13:07
1TX11 31 1 60BON 1,1TX11,31,2011,5,1,5/1/2011 0:22
1TX11 32 1 60BON 1,1TX11,32,2011,5,1,5/1/2011 19:05
1TX11 33 1 60BON 1,1TX11,33,2011,5,1,5/1/2011 7:22
1TX11 35 1 60BON 1,1TX11,35,2011,5,1,5/1/2011 5:23
1TX11 36 1 60BON 1,1TX11,36,2011,5,1,5/1/2011 15:49
1TX11 37 1 60BON 1,1TX11,37,2011,5,2,5/2/2011 1:57
1TX11 38 1 60BON 1,1TX11,38,2011,5,2,5/2/2011 5:37
1TX11 39 1 60BON 1,1TX11,39,2011,5,2,5/2/2011 1:12
1TX11 40 1 60BON 1,1TX11,40,2011,5,2,5/2/2011 3:23
1TX11 41 1 60BON 1,1TX11,41,2011,5,2,5/2/2011 6:29
1TX11 42 1 60BON 1,1TX11,42,2011,5,2,5/2/2011 17:02
1TX11 43 1 60BON 1,1TX11,43,2011,5,2,5/2/2011 20:38
1TX11 44 1 60BON 1,1TX11,44,2011,5,2,5/2/2011 23:46
1TX11 46 1 60BON 1,1TX11,46,2011,5,3,5/3/2011 4:07
1TX11 47 1 60BON 1,1TX11,47,2011,5,3,5/3/2011 6:27
1TX11 48 1 60BON 1,1TX11,48,2011,5,3,5/3/2011 9:48
1TX11 49 1 60BON 1,1TX11,49,2011,5,3,5/3/2011 11:47
1TX11 50 1 60BON 1,1TX11,50,2011,5,3,5/3/2011 15:23
1TX11 51 1 60BON 1,1TX11,51,2011,5,3,5/3/2011 17:49
1TX11 52 1 60BON 1,1TX11,52,2011,5,3,5/3/2011 21:13
1TX11 53 1 60BON 1,1TX11,53,2011,5,4,5/4/2011 0:08
1TX11 54 1 60BON 1,1TX11,54,2011,5,4,5/4/2011 3:33
1TX11 55 1 60BON 1,1TX11,55,2011,5,4,5/4/2011 5:47
1TX11 57 1 60BON 1,1TX11,57,2011,5,4,5/4/2011 9:35
1TX11 58 1 60BON 1,1TX11,58,2011,5,4,5/4/2011 12:32
1TX11 59 1 60BON 1,1TX11,59,2011,5,4,5/4/2011 16:15
1TX11 60 1 60BON 1,1TX11,60,2011,5,4,5/4/2011 19:02
1TX11 61 1 60BON 1,1TX11,61,2011,5,4,5/4/2011 22:06
1TX11 62 1 60BON 1,1TX11,62,2011,5,5,5/5/2011 0:43
1TX11 63 1 60BON 1,1TX11,63,2011,5,5,5/5/2011 4:19
1TX11 64 1 60BON 1,1TX11,64,2011,5,5,5/5/2011 6:41
1TX11 65 1 60BON 1,1TX11,65,2011,5,5,5/5/2011 10:47
1TX11 66 1 60BON 1,1TX11,66,2011,5,5,5/5/2011 13:15
1TX11 67 1 60BON 1,1TX11,67,2011,5,5,5/5/2011 16:29
1TX11 68 1 60BON 1,1TX11,68,2011,5,5,5/5/2011 18:57
1TX11 69 1 60BON 1,1TX11,69,2011,5,5,5/5/2011 22:32
3DY10 1 1 60BON 1,3DY10,1,2010,5,22,5/22/2010 23:47
3DY10 2 1 60BON 1,3DY10,2,2010,5,23,5/23/2010 1:36
3DY10 3 1 60BON 1,3DY10,3,2010,5,23,5/23/2010 2:48
3DY10 4 1 60BON 1,3DY10,4,2010,5,23,5/23/2010 5:15
3DY10 5 1 60BON 1,3DY10,5,2010,5,23,5/23/2010 6:31
3DY10 6 1 60BON 1,3DY10,6,2010,5,23,5/23/2010 7:55
3DY10 7 1 60BON 1,3DY10,7,2010,5,23,5/23/2010 10:41
3DY10 8 1 60BON 1,3DY10,8,2010,5,23,5/23/2010 11:50
3DY10 9 1 60BON 1,3DY10,9,2010,5,23,5/23/2010 13:02
3DY10 10 1 60BON 1,3DY10,10,2010,5,23,5/23/2010 14:18
3DY10 11 1 60BON 1,3DY10,11,2010,5,23,5/23/2010 15:36
3DY10 12 1 60BON 1,3DY10,12,2010,5,23,5/23/2010 17:43
3DY10 13 1 60BON 1,3DY10,13,2010,5,23,5/23/2010 18:49
3DY10 14 1 60BON 1,3DY10,14,2010,5,23,5/23/2010 20:01
3DY10 15 1 60BON 1,3DY10,15,2010,5,23,5/23/2010 21:13
3DY10 16 1 60BON 1,3DY10,16,2010,5,23,5/23/2010 23:20
3DY10 17 1 60BON 1,3DY10,17,2010,5,24,5/24/2010 0:28
3DY10 18 1 60BON 1,3DY10,18,2010,5,24,5/24/2010 1:40
3DY10 19 1 60BON 1,3DY10,19,2010,5,24,5/24/2010 2:53
3DY10 20 1 60BON 1,3DY10,20,2010,5,24,5/24/2010 4:01
3DY10 21 1 60BON 1,3DY10,21,2010,5,24,5/24/2010 5:11
3DY10 22 1 60BON 1,3DY10,22,2010,5,24,5/24/2010 7:25
3DY10 23 1 60BON 1,3DY10,23,2010,5,24,5/24/2010 8:40
3DY10 24 1 60BON 1,3DY10,24,2010,5,24,5/24/2010 9:55
3DY10 25 1 60BON 1,3DY10,25,2010,5,24,5/24/2010 11:04
3DY10 26 1 60BON 1,3DY10,26,2010,5,24,5/24/2010 12:43
3DY10 27 1 60BON 1,3DY10,27,2010,5,24,5/24/2010 13:53
3DY10 28 1 60BON 1,3DY10,28,2010,5,24,5/24/2010 15:02
3DY10 29 1 60BON 1,3DY10,29,2010,5,24,5/24/2010 16:11
3DY10 30 1 60BON 1,3DY10,30,2010,5,24,5/24/2010 17:36
3DY10 31 1 60BON 1,3DY10,31,2010,5,24,5/24/2010 18:55
3DY10 32 1 60BON 1,3DY10,32,2010,5,24,5/24/2010 20:09
3DY10 33 1 60BON 1,3DY10,33,2010,5,24,5/24/2010 21:24
3DY10 34 1 60BON 1,3DY10,34,2010,5,24,5/24/2010 22:38
3DY10 35 1 60BON 2,3DY10,35,2010,5,24,5/24/2010 23:52
3DY10 36 1 60BON 1,3DY10,36,2010,5,25,5/25/2010 1:04
3DY10 37 1 60BON 1,3DY10,37,2010,5,25,5/25/2010 2:11
3DY10 38 1 60BON 1,3DY10,38,2010,5,25,5/25/2010 3:46
3DY10 39 1 60BON 1,3DY10,39,2010,5,25,5/25/2010 4:49
3DY10 40 1 60BON 1,3DY10,40,2010,5,25,5/25/2010 6:00
3DY10 41 1 60BON 1,3DY10,41,2010,5,25,5/25/2010 7:26
3DY10 42 1 60BON 1,3DY10,42,2010,5,25,5/25/2010 8:36
3DY10 43 1 60BON 1,3DY10,43,2010,5,25,5/25/2010 9:46
3DY10 44 1 60BON 1,3DY10,44,2010,5,25,5/25/2010 10:55
3DY10 45 1 60BON 1,3DY10,45,2010,5,25,5/25/2010 12:02
3DY10 46 1 60BON 1,3DY10,46,2010,5,25,5/25/2010 13:07
3DY10 47 1 60BON 1,3DY10,47,2010,5,25,5/25/2010 14:23
3DY10 48 1 60BON 1,3DY10,48,2010,5,25,5/25/2010 15:47
3DY10 49 1 60BON 1,3DY10,49,2010,5,25,5/25/2010 16:54
3DY10 50 1 60BON 1,3DY10,50,2010,5,25,5/25/2010 18:31
3DY10 51 1 60BON 1,3DY10,51,2010,5,25,5/25/2010 19:41
3DY10 52 1 60BON 1,3DY10,52,2010,5,25,5/25/2010 20:54
3DY10 53 1 60BON 1,3DY10,53,2010,5,25,5/25/2010 22:08
3DY10 54 1 60BON 1,3DY10,54,2010,5,26,5/26/2010 23:17
3DY10 55 1 60BON 1,3DY10,55,2010,5,26,5/26/2010 0:25
3DY10 56 1 60BON 2,3DY10,56,2010,5,26,5/26/2010 1:32
3DY10 57 1 60BON 1,3DY10,57,2010,5,26,5/26/2010 3:15
3DY10 58 1 60BON 1,3DY10,58,2010,5,26,5/26/2010 4:24
3DY10 59 1 60BON 1,3DY10,59,2010,5,26,5/26/2010 5:31
3DY10 60 1 60BON 1,3DY10,60,2010,5,26,5/26/2010 6:40
3DY10 61 1 60BON 1,3DY10,61,2010,5,26,5/26/2010 7:50
3DY10 62 1 60BON 1,3DY10,62,2010,5,26,5/26/2010 9:02
3DY10 63 1 60BON 1,3DY10,63,2010,5,26,5/26/2010 10:08
3DY10 64 1 60BON 1,3DY10,64,2010,5,26,5/26/2010 11:17
3DY10 65 1 60BON 1,3DY10,65,2010,5,26,5/26/2010 12:25
3DY10 66 1 60BON 1,3DY10,66,2010,5,26,5/26/2010 13:27
3DY10 67 1 60BON 1,3DY10,67,2010,5,26,5/26/2010 14:40
3DY10 68 1 60BON 1,3DY10,68,2010,5,26,5/26/2010 15:49
3DY10 69 1 60BON 1,3DY10,69,2010,5,26,5/26/2010 17:01
3DY10 70 1 60BON 1,3DY10,70,2010,5,26,5/26/2010 18:13
3DY10 71 1 60BON 1,3DY10,71,2010,5,26,5/26/2010 19:28
3DY10 72 1 60BON 1,3DY10,72,2010,5,26,5/26/2010 20:32
3DY10 73 1 60BON 1,3DY10,73,2010,5,26,5/26/2010 21:41
3DY10 74 1 60BON 1,3DY10,74,2010,5,26,5/26/2010 22:52
3DY10 75 1 60BON 1,3DY10,75,2010,5,27,5/27/2010 0:02
3DY10 76 1 60BON 1,3DY10,76,2010,5,27,5/27/2010 1:46
3DY10 77 1 60BON 1,3DY10,77,2010,5,27,5/27/2010 2:51
3DY10 78 1 60BON 1,3DY10,78,2010,5,27,5/27/2010 4:00
3DY10 79 1 60BON 1,3DY10,79,2010,5,27,5/27/2010 5:08
3DY10 80 1 60BON 1,3DY10,80,2010,5,27,5/27/2010 6:20
3DY10 81 1 60BON 1,3DY10,81,2010,5,27,5/27/2010 7:24
3DY10 82 1 60BON 1,3DY10,82,2010,5,27,5/27/2010 8:25
3DY10 83 1 60BON 1,3DY10,83,2010,5,27,5/27/2010 9:35
3DY10 84 1 60BON 1,3DY10,84,2010,5,27,5/27/2010 10:26
3DY10 85 1 60BON 1,3DY10,85,2010,5,27,5/27/2010 11:36
3DY10 86 1 60BON 1,3DY10,86,2010,5,27,5/27/2010 12:44
3DY10 87 1 60BON 1,3DY10,87,2010,5,27,5/27/2010 13:49
3DY10 88 1 60BON 1,3DY10,88,2010,5,27,5/27/2010 14:58
3DY10 89 1 60BON 1,3DY10,89,2010,5,27,5/27/2010 16:05
3DY10 90 1 60BON 1,3DY10,90,2010,5,27,5/27/2010 17:06
3DY10 91 1 60BON 1,3DY10,91,2010,5,27,5/27/2010 18:15
3DY10 92 1 60BON 1,3DY10,92,2010,5,27,5/27/2010 19:37
3DY10 93 1 60BON 1,3DY10,93,2010,5,27,5/27/2010 20:51
3DY10 94 1 60BON 1,3DY10,94,2010,5,27,5/27/2010 22:17
3DY10 95 1 60BON 1,3DY10,95,2010,5,27,5/27/2010 23:08
3DY10 96 1 60BON 1,3DY10,96,2010,5,28,5/28/2010 0:24
3DY10 97 1 60BON 1,3DY10,97,2010,5,28,5/28/2010 1:38
3DY10 98 1 60BON 1,3DY10,98,2010,5,28,5/28/2010 2:47
3DY10 99 1 60BON 1,3DY10,99,2010,5,28,5/28/2010 4:56
3DY10 100 1 60BON 1,3DY10,100,2010,5,28,5/28/2010 7:21
3DY10 101 1 60BON 1,3DY10,101,2010,5,28,5/28/2010 10:12
3DY10 102 1 60BON 1,3DY10,102,2010,5,28,5/28/2010 13:11
3DY10 103 1 60BON 1,3DY10,103,2010,5,28,5/28/2010 16:32
3DY10 104 1 60BON 1,3DY10,104,2010,5,28,5/28/2010 20:13
3DY10 105 1 60BON 1,3DY10,105,2010,5,28,5/28/2010 21:27
3DY10 106 1 60BON 2,3DY10,106,2010,5,28,5/28/2010 22:44
3DY10 107 1 60BON 1,3DY10,107,2010,5,29,5/29/2010 0:12
3DY10 108 1 60BON 1,3DY10,108,2010,5,29,5/29/2010 1:48
3DY10 109 1 60BON 1,3DY10,109,2010,5,29,5/29/2010 2:56
3DY10 110 1 60BON 1,3DY10,110,2010,5,29,5/29/2010 4:10
3DY10 111 1 60BON 1,3DY10,111,2010,5,29,5/29/2010 5:24
3DY10 112 1 60BON 1,3DY10,112,2010,5,29,5/29/2010 6:34
3DY10 113 1 60BON 1,3DY10,113,2010,5,29,5/29/2010 7:37
3DY10 114 1 60BON 1,3DY10,114,2010,5,29,5/29/2010 8:43
3DY10 115 1 60BON 1,3DY10,115,2010,5,29,5/29/2010 9:51
3DY10 116 1 60BON 1,3DY10,116,2010,5,29,5/29/2010 10:57
3DY10 117 1 60BON 1,3DY10,117,2010,5,29,5/29/2010 12:11
3DY10 118 1 60BON 1,3DY10,118,2010,5,29,5/29/2010 13:16
3DY10 119 1 60BON 1,3DY10,119,2010,5,29,5/29/2010 14:27
3DY10 120 1 60BON 1,3DY10,120,2010,5,29,5/29/2010 15:36
3DY10 121 1 60BON 1,3DY10,121,2010,5,29,5/29/2010 16:46
3DY10 122 1 60BON 1,3DY10,122,2010,5,29,5/29/2010 17:52
3DY10 123 1 60BON 1,3DY10,123,2010,5,29,5/29/2010 18:55
3DY10 124 1 60BON 1,3DY10,124,2010,5,29,5/29/2010 19:59
3DY10 125 1 60BON 1,3DY10,125,2010,5,29,5/29/2010 21:31
3DY10 126 1 60BON 1,3DY10,126,2010,5,29,5/29/2010 22:40
3DY10 127 1 60BON 1,3DY10,127,2010,5,30,5/30/2010 7:48
3DY10 128 1 60BON 1,3DY10,128,2010,5,30,5/30/2010 8:52
3DY10 129 1 60BON 1,3DY10,129,2010,5,30,5/30/2010 10:01
3DY10 130 1 60BON 1,3DY10,130,2010,5,30,5/30/2010 11:10
3DY10 131 1 60BON 1,3DY10,131,2010,5,30,5/30/2010 12:16
3DY10 132 1 60BON 1,3DY10,132,2010,5,30,5/30/2010 13:25
3DY10 133 1 60BON 1,3DY10,133,2010,5,30,5/30/2010 14:32
3DY10 134 1 60BON 1,3DY10,134,2010,5,30,5/30/2010 15:49
3DY10 135 1 60BON 1,3DY10,135,2010,5,30,5/30/2010 16:43
3DY10 136 1 60BON 1,3DY10,136,2010,5,30,5/30/2010 17:49
3DY10 137 1 60BON 1,3DY10,137,2010,5,30,5/30/2010 18:57
3DY10 138 1 60BON 1,3DY10,138,2010,5,30,5/30/2010 20:07
3DY10 139 1 60BON 1,3DY10,139,2010,5,30,5/30/2010 22:15
3DY10 140 1 60BON 1,3DY10,140,2010,5,30,5/30/2010 23:29
3DY10 141 1 60BON 1,3DY10,141,2010,5,31,5/31/2010 0:42
3DY10 142 1 60BON 1,3DY10,142,2010,5,31,5/31/2010 1:47
3DY10 143 1 60BON 1,3DY10,143,2010,5,31,5/31/2010 2:52
3DY10 144 1 60BON 1,3DY10,144,2010,5,31,5/31/2010 3:57
3DY10 145 1 60BON 1,3DY10,145,2010,5,31,5/31/2010 5:05
3DY10 146 1 60BON 1,3DY10,146,2010,5,31,5/31/2010 6:18
3DY10 147 1 60BON 1,3DY10,147,2010,5,31,5/31/2010 7:28
3DY10 148 1 60BON 1,3DY10,148,2010,5,31,5/31/2010 8:39
3DY10 149 1 60BON 1,3DY10,149,2010,5,31,5/31/2010 9:49
3DY10 150 1 60BON 1,3DY10,150,2010,5,31,5/31/2010 10:56
3DY10 151 1 60BON 1,3DY10,151,2010,5,31,5/31/2010 12:04
3DY10 152 1 60BON 1,3DY10,152,2010,5,31,5/31/2010 13:07
3DY10 153 1 60BON 1,3DY10,153,2010,5,31,5/31/2010 14:13
3DY10 154 1 60BON 1,3DY10,154,2010,5,31,5/31/2010 15:33
3DY10 155 1 60BON 1,3DY10,155,2010,5,31,5/31/2010 16:40
3DY10 156 1 60BON 1,3DY10,156,2010,5,31,5/31/2010 17:52
3DY10 157 1 60BON 1,3DY10,157,2010,5,31,5/31/2010 18:55
3DY10 158 1 60BON 1,3DY10,158,2010,5,31,5/31/2010 19:58
3DY10 159 1 60BON 1,3DY10,159,2010,5,31,5/31/2010 21:02
3DY10 160 1 60BON 1,3DY10,160,2010,5,31,5/31/2010 22:09
3DY10 161 1 60BON 1,3DY10,161,2010,5,31,5/31/2010 23:11
3DY10 162 1 60BON 1,3DY10,162,2010,6,1,6/1/2010 0:23
3DY10 163 1 60BON 1,3DY10,163,2010,6,1,6/1/2010 1:39
4DY08 1 1 60BON 1,4DY08,1,2008,5,24,5/24/2008 11:16
4DY08 2 1 60BON 1,4DY08,2,2008,5,24,5/24/2008 12:42
4DY08 3 1 60BON 1,4DY08,3,2008,5,24,5/24/2008 14:02
4DY08 4 1 60BON 1,4DY08,4,2008,5,24,5/24/2008 15:36
4DY08 5 1 60BON 1,4DY08,5,2008,5,24,5/24/2008 16:52
4DY08 6 1 60BON 1,4DY08,6,2008,5,24,5/24/2008 18:01
4DY08 7 1 60BON 1,4DY08,7,2008,5,24,5/24/2008 19:13
4DY08 8 1 60BON 1,4DY08,8,2008,5,24,5/24/2008 20:24
4DY08 9 1 60BON 1,4DY08,9,2008,5,24,5/24/2008 21:36
4DY08 10 1 60BON 1,4DY08,10,2008,5,24,5/24/2008 22:52
4DY08 11 1 60BON 1,4DY08,11,2008,5,25,5/25/2008 0:15
4DY08 12 1 60BON 1,4DY08,12,2008,5,25,5/25/2008 1:38
4DY08 13 1 60BON 1,4DY08,13,2008,5,25,5/25/2008 3:03
4DY08 14 1 60BON 1,4DY08,14,2008,5,25,5/25/2008 4:28
4DY08 15 1 60BON 1,4DY08,15,2008,5,25,5/25/2008 5:50
4DY08 16 1 60BON 1,4DY08,16,2008,5,25,5/25/2008 7:11
4DY08 17 1 60BON 1,4DY08,17,2008,5,25,5/25/2008 8:32
4DY08 18 1 60BON 1,4DY08,18,2008,5,25,5/25/2008 9:45
4DY08 19 1 60BON 1,4DY08,19,2008,5,25,5/25/2008 11:04
4DY08 20 1 60BON 1,4DY08,20,2008,5,25,5/25/2008 12:20
4DY08 21 1 60BON 1,4DY08,21,2008,5,25,5/25/2008 14:59
4DY08 22 1 60BON 1,4DY08,22,2008,5,25,5/25/2008 18:48
4DY08 23 1 60BON 1,4DY08,23,2008,5,25,5/25/2008 19:59
4DY08 24 1 60BON 1,4DY08,24,2008,5,25,5/25/2008 21:33
4DY08 25 1 60BON 1,4DY08,25,2008,5,25,5/25/2008 22:44
4DY08 26 1 60BON 1,4DY08,26,2008,5,26,5/26/2008 0:02
4DY08 27 1 60BON 1,4DY08,27,2008,5,26,5/26/2008 1:21
4DY08 28 1 60BON 1,4DY08,28,2008,5,26,5/26/2008 2:37
4DY08 29 1 60BON 1,4DY08,29,2008,5,26,5/26/2008 5:34
4DY08 30 1 60BON 1,4DY08,30,2008,5,26,5/26/2008 6:42
4DY08 31 1 60BON 1,4DY08,31,2008,5,26,5/26/2008 7:57
4DY08 33 1 60BON 1,4DY08,33,2008,5,26,5/26/2008 10:40
4DY08 34 1 60BON 1,4DY08,34,2008,5,26,5/26/2008 11:46
4DY08 35 1 60BON 1,4DY08,35,2008,5,26,5/26/2008 12:59
4DY08 36 1 60BON 1,4DY08,36,2008,5,26,5/26/2008 14:32
4DY08 37 1 60BON 1,4DY08,37,2008,5,26,5/26/2008 15:47
4DY08 38 1 60BON 1,4DY08,38,2008,5,26,5/26/2008 17:02
4DY08 39 1 60BON 1,4DY08,39,2008,5,26,5/26/2008 18:18
4DY08 40 1 60BON 1,4DY08,40,2008,5,26,5/26/2008 19:30
4DY08 41 1 60BON 1,4DY08,41,2008,5,26,5/26/2008 20:48
4DY08 42 1 60BON 1,4DY08,42,2008,5,26,5/26/2008 21:55
4DY08 43 1 60BON 1,4DY08,43,2008,5,26,5/26/2008 23:05
4DY08 44 1 60BON 1,4DY08,44,2008,5,27,5/27/2008 0:21
4DY08 45 1 60BON 1,4DY08,45,2008,5,27,5/27/2008 1:36
4DY08 46 1 60BON 1,4DY08,46,2008,5,27,5/27/2008 2:50
4DY08 47 1 60BON 1,4DY08,47,2008,5,27,5/27/2008 4:18
4DY08 48 1 60BON 1,4DY08,48,2008,5,27,5/27/2008 5:33
4DY08 49 1 60BON 1,4DY08,49,2008,5,27,5/27/2008 7:24
4DY08 50 1 60BON 1,4DY08,50,2008,5,27,5/27/2008 8:42
4DY08 51 1 60BON 1,4DY08,51,2008,5,27,5/27/2008 9:57
4DY08 52 1 60BON 1,4DY08,52,2008,5,27,5/27/2008 11:07
4DY08 53 1 60BON 1,4DY08,53,2008,5,27,5/27/2008 12:21
4DY08 54 1 60BON 1,4DY08,54,2008,5,27,5/27/2008 14:24
4DY08 55 1 60BON 1,4DY08,55,2008,5,27,5/27/2008 15:30
4DY08 56 1 60BON 1,4DY08,56,2008,5,27,5/27/2008 16:37
4DY08 57 1 60BON 1,4DY08,57,2008,5,27,5/27/2008 17:48
4DY08 58 1 60BON 1,4DY08,58,2008,5,27,5/27/2008 19:00
4DY08 59 1 60BON 1,4DY08,59,2008,5,27,5/27/2008 20:13
4DY08 60 1 60BON 1,4DY08,60,2008,5,27,5/27/2008 21:25
4DY08 61 1 60BON 1,4DY08,61,2008,5,27,5/27/2008 22:31
4DY08 62 1 60BON 1,4DY08,62,2008,5,27,5/27/2008 23:51
4DY08 63 1 60BON 1,4DY08,63,2008,5,28,5/28/2008 0:41
4DY08 64 1 60BON 1,4DY08,64,2008,5,28,5/28/2008 1:50
4DY08 65 1 60BON 1,4DY08,65,2008,5,28,5/28/2008 2:56
4DY08 66 1 60BON 1,4DY08,66,2008,5,28,5/28/2008 4:08
4DY08 67 1 60BON 1,4DY08,67,2008,5,28,5/28/2008 5:14
4DY08 68 1 60BON 1,4DY08,68,2008,5,28,5/28/2008 6:47
4DY08 69 1 60BON 1,4DY08,69,2008,5,28,5/28/2008 8:04
4DY08 70 1 60BON 1,4DY08,70,2008,5,28,5/28/2008 9:24
4DY08 71 1 60BON 1,4DY08,71,2008,5,28,5/28/2008 10:39
4DY08 72 1 60BON 1,4DY08,72,2008,5,28,5/28/2008 11:54
4DY08 73 1 60BON 1,4DY08,73,2008,5,28,5/28/2008 12:55
4DY08 74 1 60BON 1,4DY08,74,2008,5,28,5/28/2008 14:10
4DY08 75 1 60BON 1,4DY08,75,2008,5,28,5/28/2008 15:24
4DY08 76 1 60BON 1,4DY08,76,2008,5,28,5/28/2008 16:42
4DY08 77 1 60BON 1,4DY08,77,2008,5,28,5/28/2008 18:40
4DY08 78 1 60BON 1,4DY08,78,2008,5,28,5/28/2008 21:06
4DY08 79 1 60BON 1,4DY08,79,2008,5,28,5/28/2008 23:32
4DY08 80 1 60BON 1,4DY08,80,2008,5,29,5/29/2008 1:49
4DY08 81 1 60BON 1,4DY08,81,2008,5,29,5/29/2008 4:53
4DY08 82 1 60BON 1,4DY08,82,2008,5,29,5/29/2008 20:40
4DY08 83 1 60BON 1,4DY08,83,2008,5,29,5/29/2008 21:53
4DY08 84 1 60BON 1,4DY08,84,2008,5,29,5/29/2008 23:07
4DY08 85 1 60BON 1,4DY08,85,2008,5,30,5/30/2008 0:38
4DY08 86 1 60BON 1,4DY08,86,2008,5,30,5/30/2008 1:52
4DY08 87 1 60BON 1,4DY08,87,2008,5,30,5/30/2008 3:12
4DY08 88 1 60BON 1,4DY08,88,2008,5,30,5/30/2008 5:30
4DY08 89 1 60BON 1,4DY08,89,2008,5,30,5/30/2008 6:49
4DY08 90 1 60BON 1,4DY08,90,2008,5,30,5/30/2008 8:15
4DY08 91 1 60BON 1,4DY08,91,2008,5,30,5/30/2008 9:47
4DY08 92 1 60BON 1,4DY08,92,2008,5,30,5/30/2008 12:01
4DY08 93 1 60BON 1,4DY08,93,2008,5,30,5/30/2008 13:16
4DY08 94 1 60BON 1,4DY08,94,2008,5,30,5/30/2008 14:28
4DY08 95 1 60BON 1,4DY08,95,2008,5,30,5/30/2008 15:41
4DY09 1 1 60BON 1,4DY09,1,2009,5,28,5/28/2009 1:49
4DY09 2 1 60BON 1,4DY09,2,2009,5,28,5/28/2009 3:34
4DY09 3 1 60BON 1,4DY09,3,2009,5,28,5/28/2009 4:48
4DY09 4 1 60BON 1,4DY09,4,2009,5,28,5/28/2009 7:16
4DY09 5 1 60BON 1,4DY09,5,2009,5,28,5/28/2009 8:28
4DY09 6 1 60BON 1,4DY09,6,2009,5,28,5/28/2009 10:08
4DY09 7 1 60BON 1,4DY09,7,2009,5,28,5/28/2009 12:56
4DY09 8 1 60BON 1,4DY09,8,2009,5,28,5/28/2009 14:07
4DY09 9 1 60BON 1,4DY09,9,2009,5,28,5/28/2009 15:20
4DY09 10 1 60BON 1,4DY09,10,2009,5,28,5/28/2009 16:32
4DY09 11 1 60BON 2,4DY09,11,2009,5,28,5/28/2009 17:42
4DY09 12 1 60BON 1,4DY09,12,2009,5,28,5/28/2009 19:51
4DY09 13 1 60BON 1,4DY09,13,2009,5,28,5/28/2009 21:03
4DY09 15 1 60BON 1,4DY09,15,2009,5,28,5/28/2009 23:33
4DY09 16 1 60BON 1,4DY09,16,2009,5,29,5/29/2009 1:40
4DY09 17 1 60BON 1,4DY09,17,2009,5,29,5/29/2009 2:54
4DY09 18 1 60BON 1,4DY09,18,2009,5,29,5/29/2009 4:08
4DY09 19 1 60BON 1,4DY09,19,2009,5,29,5/29/2009 5:18
4DY09 20 2 60BON 1,4DY09,20,2009,5,29,5/29/2009 7:08
4DY09 21 1 60BON 1,4DY09,21,2009,5,29,5/29/2009 8:21
4DY09 22 1 60BON 1,4DY09,22,2009,5,29,5/29/2009 10:44
4DY09 23 1 60BON 1,4DY09,23,2009,5,29,5/29/2009 11:58
4DY09 24 1 60BON 1,4DY09,24,2009,5,29,5/29/2009 13:06
4DY09 25 1 60BON 1,4DY09,25,2009,5,29,5/29/2009 14:17
4DY09 26 1 60BON 1,4DY09,26,2009,5,29,5/29/2009 15:40
4DY09 27 1 60BON 1,4DY09,27,2009,5,29,5/29/2009 16:58
4DY09 28 1 60BON 1,4DY09,28,2009,5,29,5/29/2009 18:10
4DY09 29 1 60BON 1,4DY09,29,2009,5,29,5/29/2009 19:43
4DY09 30 1 60BON 1,4DY09,30,2009,5,29,5/29/2009 21:10
4DY09 31 1 60BON 1,4DY09,31,2009,5,29,5/29/2009 22:52
4DY09 32 1 60BON 1,4DY09,32,2009,5,29,5/29/2009 23:37
4DY09 33 1 60BON 1,4DY09,33,2009,5,30,5/30/2009 0:49
4DY09 34 1 60BON 1,4DY09,34,2009,5,30,5/30/2009 2:05
4DY09 35 1 60BON 1,4DY09,35,2009,5,30,5/30/2009 3:17
4DY09 36 1 60BON 1,4DY09,36,2009,5,30,5/30/2009 4:29
4DY09 37 1 60BON 1,4DY09,37,2009,5,30,5/30/2009 5:40
4DY09 38 1 60BON 1,4DY09,38,2009,5,30,5/30/2009 6:53
4DY09 39 1 60BON 1,4DY09,39,2009,5,30,5/30/2009 8:17
4DY09 40 1 60BON 1,4DY09,40,2009,5,30,5/30/2009 9:36
4DY09 41 1 60BON 1,4DY09,41,2009,5,30,5/30/2009 11:10
4DY09 42 1 60BON 1,4DY09,42,2009,5,30,5/30/2009 12:21
4DY09 43 1 60BON 1,4DY09,43,2009,5,30,5/30/2009 13:39
4DY09 44 1 60BON 1,4DY09,44,2009,5,30,5/30/2009 14:56
4DY09 45 1 60BON 1,4DY09,45,2009,5,30,5/30/2009 16:14
4DY09 46 1 60BON 1,4DY09,46,2009,5,30,5/30/2009 17:32
4DY09 47 1 60BON 1,4DY09,47,2009,5,30,5/30/2009 18:48
4DY09 48 1 60BON 1,4DY09,48,2009,5,30,5/30/2009 20:56
4DY09 49 1 60BON 1,4DY09,49,2009,5,30,5/30/2009 22:11
4DY09 50 1 60BON 1,4DY09,50,2009,5,31,5/31/2009 0:09
4DY09 51 1 60BON 1,4DY09,51,2009,5,31,5/31/2009 1:36
4DY09 52 1 60BON 1,4DY09,52,2009,5,31,5/31/2009 2:52
4DY09 53 1 60BON 1,4DY09,53,2009,5,31,5/31/2009 4:05
4DY09 54 1 60BON 1,4DY09,54,2009,5,31,5/31/2009 5:21
4DY09 55 1 60BON 1,4DY09,55,2009,5,31,5/31/2009 6:36
4DY09 56 1 60BON 1,4DY09,56,2009,5,31,5/31/2009 7:46
4DY09 57 1 60BON 1,4DY09,57,2009,5,31,5/31/2009 9:34
4DY09 58 1 60BON 1,4DY09,58,2009,5,31,5/31/2009 10:54
4DY09 59 1 60BON 1,4DY09,59,2009,5,31,5/31/2009 12:16
4DY09 60 1 60BON 1,4DY09,60,2009,5,31,5/31/2009 13:32
4DY09 61 1 60BON 1,4DY09,61,2009,5,31,5/31/2009 14:56
4DY09 62 1 60BON 1,4DY09,62,2009,5,31,5/31/2009 16:16
4DY09 63 1 60BON 1,4DY09,63,2009,5,31,5/31/2009 18:13
4DY09 64 1 60BON 1,4DY09,64,2009,5,31,5/31/2009 19:47
4DY09 65 1 60BON 1,4DY09,65,2009,5,31,5/31/2009 21:34
4DY09 66 1 60BON 1,4DY09,66,2009,5,31,5/31/2009 23:02
4DY09 67 1 60BON 1,4DY09,67,2009,6,1,6/1/2009 0:26
4DY09 68 1 60BON 1,4DY09,68,2009,6,1,6/1/2009 1:54
4DY09 69 1 60BON 1,4DY09,69,2009,6,1,6/1/2009 3:08
4DY09 70 1 60BON 1,4DY09,70,2009,6,1,6/1/2009 4:31
4DY09 71 1 60BON 1,4DY09,71,2009,6,1,6/1/2009 5:48
4DY09 72 1 60BON 1,4DY09,72,2009,6,1,6/1/2009 7:24
4DY09 73 1 60BON 1,4DY09,73,2009,6,1,6/1/2009 9:19
4DY09 74 1 60BON 1,4DY09,74,2009,6,1,6/1/2009 11:07
4DY09 75 1 60BON 1,4DY09,75,2009,6,1,6/1/2009 12:49
4DY09 76 1 60BON 1,4DY09,76,2009,6,1,6/1/2009 14:28
4DY09 77 1 60BON 1,4DY09,77,2009,6,1,6/1/2009 15:43
4DY09 78 1 60BON 1,4DY09,78,2009,6,1,6/1/2009 17:08
4DY09 79 1 60BON 1,4DY09,79,2009,6,1,6/1/2009 18:43
4DY09 80 1 60BON 1,4DY09,80,2009,6,1,6/1/2009 20:16
4DY09 81 1 60BON 1,4DY09,81,2009,6,1,6/1/2009 21:44
4DY09 82 1 60BON 1,4DY09,82,2009,6,1,6/1/2009 23:02
4DY09 83 1 60BON 1,4DY09,83,2009,6,2,6/2/2009 0:39
4DY09 84 1 60BON 1,4DY09,84,2009,6,2,6/2/2009 1:45
4DY09 85 1 60BON 1,4DY09,85,2009,6,2,6/2/2009 3:18
4DY09 86 1 60BON 1,4DY09,86,2009,6,2,6/2/2009 5:09
4DY09 87 1 60BON 1,4DY09,87,2009,6,2,6/2/2009 7:13
4DY09 88 1 60BON 1,4DY09,88,2009,6,2,6/2/2009 9:07
4DY09 89 1 60BON 1,4DY09,89,2009,6,2,6/2/2009 10:25
4DY09 90 1 60BON 1,4DY09,90,2009,6,2,6/2/2009 11:23
4DY09 91 1 60BON 1,4DY09,91,2009,6,2,6/2/2009 12:38
4DY09 92 1 60BON 1,4DY09,92,2009,6,2,6/2/2009 13:56
4DY09 93 1 60BON 1,4DY09,93,2009,6,2,6/2/2009 15:57
4DY09 94 1 60BON 1,4DY09,94,2009,6,2,6/2/2009 17:18
4DY09 95 1 60BON 1,4DY09,95,2009,6,2,6/2/2009 18:31
4DY09 96 1 60BON 1,4DY09,96,2009,6,2,6/2/2009 20:06
4DY09 97 1 60BON 1,4DY09,97,2009,6,2,6/2/2009 21:32
4DY09 98 1 60BON 2,4DY09,98,2009,6,2,6/2/2009 23:15
4DY09 98 1 60BON 1,4DY09,98,2009,6,2,6/2/2009 23:15
4DY09 99 1 60BON 2,4DY09,99,2009,6,3,6/3/2009 2:11
4DY09 99 1 60BON 1,4DY09,99,2009,6,3,6/3/2009 2:11
4DY09 100 1 60BON 1,4DY09,100,2009,6,3,6/3/2009 4:38
4DY09 100 1 60BON 2,4DY09,100,2009,6,3,6/3/2009 4:38
4DY09 101 1 60BON 2,4DY09,101,2009,6,3,6/3/2009 9:22
4DY09 101 1 60BON 1,4DY09,101,2009,6,3,6/3/2009 9:22
4DY09 102 1 60BON 2,4DY09,102,2009,6,3,6/3/2009 11:27
4DY09 102 1 60BON 1,4DY09,102,2009,6,3,6/3/2009 11:27
4DY09 103 1 60BON 2,4DY09,103,2009,6,3,6/3/2009 13:50
4DY09 103 1 60BON 1,4DY09,103,2009,6,3,6/3/2009 13:50
4DY09 104 1 60BON 1,4DY09,104,2009,6,3,6/3/2009 16:11
4DY09 105 1 60BON 1,4DY09,105,2009,6,3,6/3/2009 17:22
4DY09 106 1 60BON 1,4DY09,106,2009,6,3,6/3/2009 18:42
4DY09 107 1 60BON 1,4DY09,107,2009,6,3,6/3/2009 20:37
4DY09 108 1 60BON 1,4DY09,108,2009,6,3,6/3/2009 21:53
4DY09 109 1 60BON 1,4DY09,109,2009,6,3,6/3/2009 23:45
4DY09 110 1 60BON 1,4DY09,110,2009,6,4,6/4/2009 1:06
4DY09 111 1 60BON 1,4DY09,111,2009,6,4,6/4/2009 2:22
4DY09 112 1 60BON 1,4DY09,112,2009,6,4,6/4/2009 3:50
4DY09 113 1 60BON 1,4DY09,113,2009,6,4,6/4/2009 5:06
4DY09 114 1 60BON 1,4DY09,114,2009,6,4,6/4/2009 6:37
4DY09 115 1 60BON 1,4DY09,115,2009,6,4,6/4/2009 8:19
4DY09 116 1 60BON 1,4DY09,116,2009,6,4,6/4/2009 9:28
4DY09 117 1 60BON 1,4DY09,117,2009,6,4,6/4/2009 10:38
4DY09 118 1 60BON 1,4DY09,118,2009,6,4,6/4/2009 11:50
4DY09 119 1 60BON 1,4DY09,119,2009,6,4,6/4/2009 13:08
4DY09 120 1 60BON 1,4DY09,120,2009,6,4,6/4/2009 14:27
4DY09 121 1 60BON 1,4DY09,121,2009,6,4,6/4/2009 15:49
4DY09 122 1 60BON 1,4DY09,122,2009,6,4,6/4/2009 16:59
4DY09 123 1 60BON 1,4DY09,123,2009,6,4,6/4/2009 18:06
4DY09 124 1 60BON 1,4DY09,124,2009,6,4,6/4/2009 19:37
4DY09 125 1 60BON 1,4DY09,125,2009,6,4,6/4/2009 20:58
4DY09 126 1 60BON 1,4DY09,126,2009,6,4,6/4/2009 22:20
4DY09 127 1 60BON 1,4DY09,127,2009,6,5,6/5/2009 0:14
4DY09 128 1 60BON 1,4DY09,128,2009,6,5,6/5/2009 1:44
4DY09 129 1 60BON 1,4DY09,129,2009,6,5,6/5/2009 3:23
4DY09 130 1 60BON 1,4DY09,130,2009,6,5,6/5/2009 4:42
4DY09 131 1 60BON 1,4DY09,131,2009,6,5,6/5/2009 6:09
4DY09 132 1 60BON 1,4DY09,132,2009,6,5,6/5/2009 7:29
4DY09 133 1 60BON 1,4DY09,133,2009,6,5,6/5/2009 8:57
4DY09 134 1 60BON 1,4DY09,134,2009,6,5,6/5/2009 10:30
4DY09 135 1 60BON 1,4DY09,135,2009,6,5,6/5/2009 11:35
4DY09 136 1 60BON 1,4DY09,136,2009,6,5,6/5/2009 12:49
4DY09 137 1 60BON 1,4DY09,137,2009,6,5,6/5/2009 14:00
4DY09 138 1 60BON 1,4DY09,138,2009,6,5,6/5/2009 15:08
4DY09 139 1 60BON 1,4DY09,139,2009,6,5,6/5/2009 16:17
4DY09 140 1 60BON 1,4DY09,140,2009,6,5,6/5/2009 17:32
4DY09 141 1 60BON 1,4DY09,141,2009,6,5,6/5/2009 19:47
4DY09 142 1 60BON 1,4DY09,142,2009,6,5,6/5/2009 21:05
4DY09 143 1 60BON 1,4DY09,143,2009,6,5,6/5/2009 22:17
4DY09 144 1 60BON 1,4DY09,144,2009,6,5,6/5/2009 23:27
4DY09 145 1 60BON 1,4DY09,145,2009,6,6,6/6/2009 0:45
4DY09 146 1 60BON 1,4DY09,146,2009,6,6,6/6/2009 2:03
4MF06 1 1 60BON 1,4MF06,1,2006,5,22,5/22/2006 4:23
4MF06 2 1 60BON 1,4MF06,2,2006,5,22,5/22/2006 6:19
4MF06 3 1 60BON 1,4MF06,3,2006,5,22,5/22/2006 8:52
4MF06 4 1 60BON 1,4MF06,4,2006,5,22,5/22/2006 21:40
4MF06 5 1 60BON 1,4MF06,5,2006,5,22,5/22/2006 22:46
4MF06 6 1 60BON 1,4MF06,6,2006,5,23,5/23/2006 0:32
4MF06 7 1 60BON 1,4MF06,7,2006,5,23,5/23/2006 1:47
4MF06 8 1 60BON 1,4MF06,8,2006,5,23,5/23/2006 3:00
4MF06 9 1 60BON 1,4MF06,9,2006,5,23,5/23/2006 4:07
4MF06 10 1 60BON 1,4MF06,10,2006,5,23,5/23/2006 5:17
4MF06 11 1 60BON 1,4MF06,11,2006,5,23,5/23/2006 6:23
4MF06 12 1 60BON 1,4MF06,12,2006,5,23,5/23/2006 8:11
4MF06 13 1 60BON 1,4MF06,13,2006,5,23,5/23/2006 9:27
4MF06 14 1 60BON 1,4MF06,14,2006,5,23,5/23/2006 10:54
4MF06 15 1 60BON 1,4MF06,15,2006,5,23,5/23/2006 12:05
4MF06 16 1 60BON 2,4MF06,16,2006,5,23,5/23/2006 15:17
4MF06 17 1 60BON 1,4MF06,17,2006,5,23,5/23/2006 16:30
4MF06 18 1 60BON 1,4MF06,18,2006,5,23,5/23/2006 17:46
4MF06 19 1 60BON 1,4MF06,19,2006,5,23,5/23/2006 18:58
4MF06 20 1 60BON 1,4MF06,20,2006,5,23,5/23/2006 20:17
4MF06 21 1 60BON 2,4MF06,21,2006,5,23,5/23/2006 21:26
4MF06 22 1 60BON 1,4MF06,22,2006,5,24,5/24/2006 0:31
4MF06 23 1 60BON 1,4MF06,23,2006,5,24,5/24/2006 2:11
4MF06 24 1 60BON 1,4MF06,24,2006,5,24,5/24/2006 3:17
4MF06 25 1 60BON 1,4MF06,25,2006,5,24,5/24/2006 4:23
4MF06 26 1 60BON 1,4MF06,26,2006,5,24,5/24/2006 5:29
4MF06 27 1 60BON 1,4MF06,27,2006,5,24,5/24/2006 6:36
4MF06 28 1 60BON 1,4MF06,28,2006,5,24,5/24/2006 7:39
4MF06 29 1 60BON 1,4MF06,29,2006,5,24,5/24/2006 8:46
4MF06 30 1 60BON 1,4MF06,30,2006,5,24,5/24/2006 9:52
4MF06 31 1 60BON 1,4MF06,31,2006,5,24,5/24/2006 12:42
4MF06 32 1 60BON 1,4MF06,32,2006,5,24,5/24/2006 14:04
4MF06 33 1 60BON 1,4MF06,33,2006,5,24,5/24/2006 15:16
4MF06 34 1 60BON 1,4MF06,34,2006,5,24,5/24/2006 17:19
4MF06 35 1 60BON 1,4MF06,35,2006,5,24,5/24/2006 19:33
4MF06 36 1 60BON 1,4MF06,36,2006,5,24,5/24/2006 20:37
4MF06 37 1 60BON 1,4MF06,37,2006,5,24,5/24/2006 21:42
4MF06 38 1 60BON 1,4MF06,38,2006,5,24,5/24/2006 23:13
4MF06 39 1 60BON 1,4MF06,39,2006,5,25,5/25/2006 0:16
4MF06 40 1 60BON 1,4MF06,40,2006,5,25,5/25/2006 2:25
4MF06 41 1 60BON 1,4MF06,41,2006,5,25,5/25/2006 3:34
4MF06 42 1 60BON 1,4MF06,42,2006,5,25,5/25/2006 4:44
4MF06 43 1 60BON 1,4MF06,43,2006,5,25,5/25/2006 6:46
4MF06 44 1 60BON 1,4MF06,44,2006,5,25,5/25/2006 7:54
4MF06 45 1 60BON 1,4MF06,45,2006,5,25,5/25/2006 9:04
4MF06 46 1 60BON 1,4MF06,46,2006,5,25,5/25/2006 10:14
4MF06 47 1 60BON 1,4MF06,47,2006,5,25,5/25/2006 12:25
4MF06 48 1 60BON 1,4MF06,48,2006,5,25,5/25/2006 13:36
4MF06 49 1 60BON 1,4MF06,49,2006,5,25,5/25/2006 14:52
4MF06 50 1 60BON 1,4MF06,50,2006,5,25,5/25/2006 16:04
4MF06 51 1 60BON 1,4MF06,51,2006,5,25,5/25/2006 17:06
4MF06 52 1 60BON 1,4MF06,52,2006,5,25,5/25/2006 18:34
4MF06 53 1 60BON 1,4MF06,53,2006,5,25,5/25/2006 20:41
4MF06 54 1 60BON 1,4MF06,54,2006,5,25,5/25/2006 21:44
4MF06 55 1 60BON 1,4MF06,55,2006,5,25,5/25/2006 22:52
4MF06 56 1 60BON 1,4MF06,56,2006,5,26,5/26/2006 0:02
4MF06 57 1 60BON 1,4MF06,57,2006,5,26,5/26/2006 1:13
4MF06 58 1 60BON 1,4MF06,58,2006,5,26,5/26/2006 2:24
4MF06 59 1 60BON 1,4MF06,59,2006,5,26,5/26/2006 4:58
4MF06 60 1 60BON 1,4MF06,60,2006,5,26,5/26/2006 6:05
4MF06 61 1 60BON 1,4MF06,61,2006,5,26,5/26/2006 7:12
4MF06 62 1 60BON 1,4MF06,62,2006,5,26,5/26/2006 8:18
4MF06 63 1 60BON 1,4MF06,63,2006,5,26,5/26/2006 9:26
4MF06 64 1 60BON 1,4MF06,64,2006,5,26,5/26/2006 10:30
4MF06 65 1 60BON 1,4MF06,65,2006,5,26,5/26/2006 11:34
4MF06 66 1 60BON 1,4MF06,66,2006,5,26,5/26/2006 12:48
4MF06 67 1 60BON 1,4MF06,67,2006,5,26,5/26/2006 14:00
4MF06 68 1 60BON 1,4MF06,68,2006,5,26,5/26/2006 15:11
4MF06 69 1 60BON 1,4MF06,69,2006,5,26,5/26/2006 16:18
4MF06 70 1 60BON 1,4MF06,70,2006,5,26,5/26/2006 17:25
4MF06 71 1 60BON 1,4MF06,71,2006,5,26,5/26/2006 18:32
4MF06 72 1 60BON 1,4MF06,72,2006,5,26,5/26/2006 19:36
4MF06 73 1 60BON 1,4MF06,73,2006,5,26,5/26/2006 20:47
4MF06 74 1 60BON 1,4MF06,74,2006,5,26,5/26/2006 21:54
4MF06 75 1 60BON 1,4MF06,75,2006,5,26,5/26/2006 22:57
4MF06 76 1 60BON 1,4MF06,76,2006,5,26,5/26/2006 23:59
4MF06 77 1 60BON 1,4MF06,77,2006,5,27,5/27/2006 2:05
4MF06 78 1 60BON 1,4MF06,78,2006,5,27,5/27/2006 3:06
4MF06 80 1 60BON 1,4MF06,80,2006,5,27,5/27/2006 5:24
4MF06 81 1 60BON 1,4MF06,81,2006,5,27,5/27/2006 6:32
4MF06 82 1 60BON 1,4MF06,82,2006,5,27,5/27/2006 7:39
4MF06 83 1 60BON 1,4MF06,83,2006,5,27,5/27/2006 8:48
4MF06 84 1 60BON 1,4MF06,84,2006,5,27,5/27/2006 10:47
4MF06 85 1 60BON 1,4MF06,85,2006,5,27,5/27/2006 11:46
4MF06 86 1 60BON 1,4MF06,86,2006,5,27,5/27/2006 12:48
4MF06 87 1 60BON 1,4MF06,87,2006,5,27,5/27/2006 13:53
4MF06 88 1 60BON 1,4MF06,88,2006,5,27,5/27/2006 14:58
4MF06 89 1 60BON 1,4MF06,89,2006,5,27,5/27/2006 16:01
4MF06 90 1 60BON 1,4MF06,90,2006,5,27,5/27/2006 17:03
4MF06 91 1 60BON 1,4MF06,91,2006,5,27,5/27/2006 18:28
4MF06 92 1 60BON 1,4MF06,92,2006,5,27,5/27/2006 19:28
4MF06 93 1 60BON 1,4MF06,93,2006,5,27,5/27/2006 20:31
4MF06 94 1 60BON 1,4MF06,94,2006,5,27,5/27/2006 21:36
4MF06 95 1 60BON 1,4MF06,95,2006,5,27,5/27/2006 22:38
4MF06 96 1 60BON 1,4MF06,96,2006,5,27,5/27/2006 23:40
4MF06 97 1 60BON 1,4MF06,97,2006,5,28,5/28/2006 0:41
4MF06 98 1 60BON 1,4MF06,98,2006,5,28,5/28/2006 1:41
4MF06 99 1 60BON 1,4MF06,99,2006,5,28,5/28/2006 2:43
4MF06 100 1 60BON 1,4MF06,100,2006,5,28,5/28/2006 3:45
4MF06 101 1 60BON 1,4MF06,101,2006,5,28,5/28/2006 4:53
4MF06 102 1 60BON 1,4MF06,102,2006,5,28,5/28/2006 5:55
4MF06 103 1 60BON 1,4MF06,103,2006,5,28,5/28/2006 6:58
4MF06 104 1 60BON 1,4MF06,104,2006,5,28,5/28/2006 8:01
4MF06 105 1 60BON 1,4MF06,105,2006,5,28,5/28/2006 9:04
4MF06 106 1 60BON 1,4MF06,106,2006,5,28,5/28/2006 10:06
4MF06 107 1 60BON 1,4MF06,107,2006,5,28,5/28/2006 11:14
4MF06 108 1 60BON 1,4MF06,108,2006,5,28,5/28/2006 12:21
4MF06 109 1 60BON 1,4MF06,109,2006,5,28,5/28/2006 13:29
4MF06 110 1 60BON 1,4MF06,110,2006,5,28,5/28/2006 14:38
4MF06 111 1 60BON 1,4MF06,111,2006,5,28,5/28/2006 15:40
4MF06 112 1 60BON 1,4MF06,112,2006,5,28,5/28/2006 16:39
4MF06 113 1 60BON 1,4MF06,113,2006,5,28,5/28/2006 17:48
4MF06 114 1 60BON 1,4MF06,114,2006,5,28,5/28/2006 18:58
4MF06 115 1 60BON 1,4MF06,115,2006,5,28,5/28/2006 20:03
4MF06 116 1 60BON 1,4MF06,116,2006,5,28,5/28/2006 21:05
4MF06 117 1 60BON 1,4MF06,117,2006,5,28,5/28/2006 22:16
4MF06 118 1 60BON 1,4MF06,118,2006,5,28,5/28/2006 23:04
4MF06 119 1 60BON 1,4MF06,119,2006,5,29,5/29/2006 0:09
4MF06 120 1 60BON 1,4MF06,120,2006,5,29,5/29/2006 1:15
4MF06 121 1 60BON 1,4MF06,121,2006,5,29,5/29/2006 2:21
4MF06 122 1 60BON 1,4MF06,122,2006,5,29,5/29/2006 3:25
4MF06 123 1 60BON 1,4MF06,123,2006,5,29,5/29/2006 4:50
4MF06 124 1 60BON 1,4MF06,124,2006,5,29,5/29/2006 5:53
4MF06 125 1 60BON 1,4MF06,125,2006,5,29,5/29/2006 6:59
4MF06 126 1 60BON 1,4MF06,126,2006,5,29,5/29/2006 8:06
4MF06 127 1 60BON 1,4MF06,127,2006,5,29,5/29/2006 9:00
4MF06 128 1 60BON 1,4MF06,128,2006,5,29,5/29/2006 10:03
4MF06 129 1 60BON 1,4MF06,129,2006,5,29,5/29/2006 11:06
4MF06 130 1 60BON 1,4MF06,130,2006,5,29,5/29/2006 12:09
4MF06 131 1 60BON 1,4MF06,131,2006,5,29,5/29/2006 13:27
4MF06 132 1 60BON 1,4MF06,132,2006,5,29,5/29/2006 15:57
4MF06 133 1 60BON 1,4MF06,133,2006,5,29,5/29/2006 17:46
4MF06 134 1 60BON 1,4MF06,134,2006,5,29,5/29/2006 19:35
4MF06 135 1 60BON 1,4MF06,135,2006,5,29,5/29/2006 21:35
4MF06 136 1 60BON 1,4MF06,136,2006,5,29,5/29/2006 23:22
4MF06 137 1 60BON 1,4MF06,137,2006,5,30,5/30/2006 1:54
4MF06 138 1 60BON 1,4MF06,138,2006,5,30,5/30/2006 2:59
4MF06 139 1 60BON 1,4MF06,139,2006,5,30,5/30/2006 4:14
4MF06 140 1 60BON 1,4MF06,140,2006,5,30,5/30/2006 5:19
4MF06 141 1 60BON 1,4MF06,141,2006,5,30,5/30/2006 6:29
4MF06 142 1 60BON 1,4MF06,142,2006,5,30,5/30/2006 7:39
4MF06 143 1 60BON 1,4MF06,143,2006,5,30,5/30/2006 8:52
4MF06 144 1 60BON 1,4MF06,144,2006,5,30,5/30/2006 10:45
4MF06 145 1 60BON 1,4MF06,145,2006,5,30,5/30/2006 12:43
4MF06 146 1 60BON 1,4MF06,146,2006,5,30,5/30/2006 14:44
4MF06 147 1 60BON 1,4MF06,147,2006,5,30,5/30/2006 15:54
4MF06 148 1 60BON 1,4MF06,148,2006,5,30,5/30/2006 16:58
4MF06 149 1 60BON 1,4MF06,149,2006,5,30,5/30/2006 18:12
4MF06 150 1 60BON 1,4MF06,150,2006,5,30,5/30/2006 20:02
4MF06 151 1 60BON 1,4MF06,151,2006,5,30,5/30/2006 21:09
4MF06 152 1 60BON 1,4MF06,152,2006,5,30,5/30/2006 22:11
4MF06 153 1 60BON 1,4MF06,153,2006,5,30,5/30/2006 23:10
4MF06 154 1 60BON 1,4MF06,154,2006,5,31,5/31/2006 2:25
4MF06 155 1 60BON 1,4MF06,155,2006,5,31,5/31/2006 3:29
4MF06 156 1 60BON 1,4MF06,156,2006,5,31,5/31/2006 4:46
4MF06 157 1 60BON 1,4MF06,157,2006,5,31,5/31/2006 5:54
4MF06 158 1 60BON 1,4MF06,158,2006,5,31,5/31/2006 6:58
4MF06 159 1 60BON 1,4MF06,159,2006,5,31,5/31/2006 8:05
4MF06 160 1 60BON 1,4MF06,160,2006,5,31,5/31/2006 9:11
4MF06 161 1 60BON 1,4MF06,161,2006,5,31,5/31/2006 10:38
4MF06 162 1 60BON 1,4MF06,162,2006,5,31,5/31/2006 11:46
4MF06 163 1 60BON 1,4MF06,163,2006,5,31,5/31/2006 12:58
4MF06 164 1 60BON 1,4MF06,164,2006,5,31,5/31/2006 14:09
4MF06 165 1 60BON 1,4MF06,165,2006,5,31,5/31/2006 15:16
4MF06 166 1 60BON 1,4MF06,166,2006,5,31,5/31/2006 16:11
4MF06 167 1 60BON 1,4MF06,167,2006,5,31,5/31/2006 17:14
4MF06 168 1 60BON 1,4MF06,168,2006,5,31,5/31/2006 18:21
4MF06 169 1 60BON 1,4MF06,169,2006,5,31,5/31/2006 19:29
4MF06 170 1 60BON 1,4MF06,170,2006,5,31,5/31/2006 20:37
4MF06 171 1 60BON 1,4MF06,171,2006,6,1,6/1/2006 1:39
4MF06 172 1 60BON 1,4MF06,172,2006,6,1,6/1/2006 2:39
4MF06 173 1 60BON 1,4MF06,173,2006,6,1,6/1/2006 3:42
4MF06 174 1 60BON 1,4MF06,174,2006,6,1,6/1/2006 4:41
4MF06 175 1 60BON 1,4MF06,175,2006,6,1,6/1/2006 5:41
4MF06 176 1 60BON 1,4MF06,176,2006,6,1,6/1/2006 6:46
4MF07 1 1 60BON 1,4MF07,1,2007,5,8,5/8/2007 3:39
4MF07 2 1 60BON 1,4MF07,2,2007,5,8,5/8/2007 8:25
4MF07 3 2 60BON 1,4MF07,3,2007,5,8,5/8/2007 13:33
4MF07 4 2 60BON 1,4MF07,4,2007,5,8,5/8/2007 15:39
4MF07 5 2 60BON 1,4MF07,5,2007,5,8,5/8/2007 17:47
4MF07 5 3 60BON 1,4MF07,5,2007,5,8,5/8/2007 18:53
4MF07 6 2 60BON 1,4MF07,6,2007,5,8,5/8/2007 21:57
4MF07 7 2 60BON 1,4MF07,7,2007,5,9,5/9/2007 0:20
4MF07 8 2 60BON 1,4MF07,8,2007,5,9,5/9/2007 2:40
4MF07 9 2 60BON 1,4MF07,9,2007,5,9,5/9/2007 4:55
4MF07 10 2 60BON 1,4MF07,10,2007,5,9,5/9/2007 7:04
4MF07 11 2 60BON 1,4MF07,11,2007,5,9,5/9/2007 9:20
4MF07 12 2 60BON 1,4MF07,12,2007,5,9,5/9/2007 16:20
4MF07 13 2 60BON 1,4MF07,13,2007,5,9,5/9/2007 20:21
4MF07 14 2 60BON 1,4MF07,14,2007,5,9,5/9/2007 22:16
4MF07 15 2 60BON 1,4MF07,15,2007,5,10,5/10/2007 0:10
4MF07 16 2 60BON 1,4MF07,16,2007,5,10,5/10/2007 2:04
4MF07 17 2 60BON 1,4MF07,17,2007,5,10,5/10/2007 3:58
4MF07 18 2 60BON 1,4MF07,18,2007,5,10,5/10/2007 5:49
4MF07 19 2 60BON 1,4MF07,19,2007,5,10,5/10/2007 7:42
4MF07 20 3 60BON 1,4MF07,20,2007,5,10,5/10/2007 10:37
4MF07 21 2 60BON 1,4MF07,21,2007,5,10,5/10/2007 12:52
4MF07 22 2 60BON 1,4MF07,22,2007,5,10,5/10/2007 15:06
4MF07 23 3 60BON 1,4MF07,23,2007,5,10,5/10/2007 17:22
4MF07 24 2 60BON 1,4MF07,24,2007,5,10,5/10/2007 19:40
4MF07 25 2 60BON 1,4MF07,25,2007,5,10,5/10/2007 21:57
4MF07 26 4 60BON 1,4MF07,26,2007,5,11,5/11/2007 2:16
4MF07 27 2 60BON 1,4MF07,27,2007,5,11,5/11/2007 4:12
4MF07 28 2 60BON 1,4MF07,28,2007,5,11,5/11/2007 6:39
4MF07 29 2 60BON 1,4MF07,29,2007,5,11,5/11/2007 8:42
4MF07 30 3 60BON 1,4MF07,30,2007,5,11,5/11/2007 11:11
4MF07 31 3 60BON 1,4MF07,31,2007,5,11,5/11/2007 14:10
4MF07 32 2 60BON 1,4MF07,32,2007,5,11,5/11/2007 16:32
4MF07 33 1 60BON 1,4MF07,33,2007,5,11,5/11/2007 18:19
4MF07 34 2 60BON 1,4MF07,34,2007,5,11,5/11/2007 20:26
4MF07 35 2 60BON 1,4MF07,35,2007,5,11,5/11/2007 22:24
4MF07 36 2 60BON 1,4MF07,36,2007,5,12,5/12/2007 0:36
4MF07 37 2 60BON 1,4MF07,37,2007,5,12,5/12/2007 2:35
4MF07 38 2 60BON 1,4MF07,38,2007,5,12,5/12/2007 4:44
4MF07 39 2 60BON 1,4MF07,39,2007,5,12,5/12/2007 6:49
4MF07 40 2 60BON 1,4MF07,40,2007,5,12,5/12/2007 9:03
4MF07 41 3 60BON 1,4MF07,41,2007,5,12,5/12/2007 11:39
4MF07 42 3 60BON 1,4MF07,42,2007,5,12,5/12/2007 14:12
4MF07 43 2 60BON 1,4MF07,43,2007,5,12,5/12/2007 16:11
4MF07 44 2 60BON 1,4MF07,44,2007,5,12,5/12/2007 18:12
4MF07 45 2 60BON 1,4MF07,45,2007,5,12,5/12/2007 20:14
4MF07 46 2 60BON 1,4MF07,46,2007,5,12,5/12/2007 22:13
4MF07 47 2 60BON 1,4MF07,47,2007,5,13,5/13/2007 0:07
4MF07 49 2 60BON 1,4MF07,49,2007,5,13,5/13/2007 3:52
4MF07 50 3 60BON 1,4MF07,50,2007,5,13,5/13/2007 6:12
4MF07 51 2 60BON 1,4MF07,51,2007,5,13,5/13/2007 7:57
4MF07 52 3 60BON 1,4MF07,52,2007,5,13,5/13/2007 10:18
4MF07 53 2 60BON 1,4MF07,53,2007,5,13,5/13/2007 12:18
4MF07 54 2 60BON 1,4MF07,54,2007,5,13,5/13/2007 14:18
4MF07 55 2 60BON 1,4MF07,55,2007,5,13,5/13/2007 16:55
4MF07 56 2 60BON 1,4MF07,56,2007,5,13,5/13/2007 19:00
4MF07 56 3 60BON 1,4MF07,56,2007,5,13,5/13/2007 19:51
4MF07 57 2 60BON 1,4MF07,57,2007,5,13,5/13/2007 22:26
4MF07 57 3 60BON 1,4MF07,57,2007,5,13,5/13/2007 23:33
4MF07 58 2 60BON 1,4MF07,58,2007,5,14,5/14/2007 2:05
4MF07 58 3 60BON 1,4MF07,58,2007,5,14,5/14/2007 2:57
4MF07 59 2 60BON 1,4MF07,59,2007,5,14,5/14/2007 5:31
4MF07 59 3 60BON 1,4MF07,59,2007,5,14,5/14/2007 6:31
4MF07 60 2 60BON 1,4MF07,60,2007,5,14,5/14/2007 8:56
4MF07 60 3 60BON 1,4MF07,60,2007,5,14,5/14/2007 10:07
4MF07 61 2 60BON 1,4MF07,61,2007,5,14,5/14/2007 12:42
4MF07 62 3 60BON 1,4MF07,62,2007,5,14,5/14/2007 15:15
4MF07 63 2 60BON 1,4MF07,63,2007,5,14,5/14/2007 17:20
4MF07 64 2 60BON 1,4MF07,64,2007,5,14,5/14/2007 19:24
4MF07 65 2 60BON 1,4MF07,65,2007,5,14,5/14/2007 21:36
4MF07 66 2 60BON 1,4MF07,66,2007,5,14,5/14/2007 23:46
4MF07 67 2 60BON 1,4MF07,67,2007,5,15,5/15/2007 1:50
4MF07 68 2 60BON 1,4MF07,68,2007,5,15,5/15/2007 3:59
4MF07 69 2 60BON 1,4MF07,69,2007,5,15,5/15/2007 6:22
4MF07 70 2 60BON 1,4MF07,70,2007,5,15,5/15/2007 8:27
4MF07 71 3 60BON 1,4MF07,71,2007,5,15,5/15/2007 11:33
4MF07 72 2 60BON 1,4MF07,72,2007,5,15,5/15/2007 13:55
4MF07 73 2 60BON 1,4MF07,73,2007,5,15,5/15/2007 21:10
4MF07 74 2 60BON 1,4MF07,74,2007,5,15,5/15/2007 23:40
4MF07 75 2 60BON 1,4MF07,75,2007,5,16,5/16/2007 2:27
4MF07 76 2 60BON 1,4MF07,76,2007,5,16,5/16/2007 4:50
4MF07 77 2 60BON 1,4MF07,77,2007,5,16,5/16/2007 7:00
4MF07 78 2 60BON 1,4MF07,78,2007,5,16,5/16/2007 9:20
4MF07 79 2 60BON 1,4MF07,79,2007,5,16,5/16/2007 11:35
4MF07 80 3 60BON 1,4MF07,80,2007,5,16,5/16/2007 14:20
4MF07 81 2 60BON 1,4MF07,81,2007,5,16,5/16/2007 16:47
4MF07 82 2 60BON 1,4MF07,82,2007,5,16,5/16/2007 19:02
4MF07 83 2 60BON 1,4MF07,83,2007,5,16,5/16/2007 21:16
4MF07 84 2 60BON 1,4MF07,84,2007,5,16,5/16/2007 23:34
4MF07 85 2 60BON 1,4MF07,85,2007,5,17,5/17/2007 1:39
4MF07 86 2 60BON 1,4MF07,86,2007,5,17,5/17/2007 3:48
4MF07 87 2 60BON 1,4MF07,87,2007,5,17,5/17/2007 14:34
4MF07 88 1 60BON 1,4MF07,88,2007,5,17,5/17/2007 17:24
4MF07 89 1 60BON 1,4MF07,89,2007,5,17,5/17/2007 19:33
4MF07 90 1 60BON 1,4MF07,90,2007,5,17,5/17/2007 22:11
4MF07 91 1 60BON 1,4MF07,91,2007,5,18,5/18/2007 0:33
4MF07 92 1 60BON 1,4MF07,92,2007,5,18,5/18/2007 2:56
4MF07 93 1 60BON 1,4MF07,93,2007,5,18,5/18/2007 5:32
4MF07 94 1 60BON 1,4MF07,94,2007,5,18,5/18/2007 7:49
4MF07 95 1 60BON 1,4MF07,95,2007,5,18,5/18/2007 9:56
DY13-06 1 2 60BON 1,DY13-06,1,2013,5,17,5/17/2013 5:40
DY13-06 2 1 60BON 1,DY13-06,2,2013,5,17,5/17/2013 7:11
DY13-06 3 1 60BON 1,DY13-06,3,2013,5,17,5/17/2013 9:40
DY13-06 4 1 60BON 1,DY13-06,4,2013,5,17,5/17/2013 11:02
DY13-06 5 1 60BON 1,DY13-06,5,2013,5,17,5/17/2013 12:28
DY13-06 6 1 60BON 1,DY13-06,6,2013,5,17,5/17/2013 13:53
DY13-06 7 1 60BON 1,DY13-06,7,2013,5,17,5/17/2013 15:16
DY13-06 8 1 60BON 1,DY13-06,8,2013,5,17,5/17/2013 16:50
DY13-06 9 1 60BON 1,DY13-06,9,2013,5,17,5/17/2013 18:19
DY13-06 10 1 60BON 1,DY13-06,10,2013,5,17,5/17/2013 19:49
DY13-06 11 1 60BON 1,DY13-06,11,2013,5,17,5/17/2013 21:28
DY13-06 12 1 60BON 1,DY13-06,12,2013,5,17,5/17/2013 23:15
DY13-06 13 1 60BON 1,DY13-06,13,2013,5,18,5/18/2013 0:57
DY13-06 14 1 60BON 1,DY13-06,14,2013,5,18,5/18/2013 2:29
DY13-06 15 1 60BON 1,DY13-06,15,2013,5,18,5/18/2013 3:55
DY13-06 16 1 60BON 1,DY13-06,16,2013,5,18,5/18/2013 5:19
DY13-06 17 1 60BON 1,DY13-06,17,2013,5,18,5/18/2013 6:45
DY13-06 18 1 60BON 1,DY13-06,18,2013,5,18,5/18/2013 8:15
DY13-06 19 1 60BON 1,DY13-06,19,2013,5,18,5/18/2013 10:04
DY13-06 20 1 60BON 1,DY13-06,20,2013,5,18,5/18/2013 11:59
DY13-06 21 1 60BON 1,DY13-06,21,2013,5,18,5/18/2013 13:27
DY13-06 22 1 60BON 1,DY13-06,22,2013,5,18,5/18/2013 15:30
DY13-06 23 1 60BON 1,DY13-06,23,2013,5,18,5/18/2013 16:59
DY13-06 24 1 60BON 1,DY13-06,24,2013,5,18,5/18/2013 18:31
DY13-06 25 1 60BON 1,DY13-06,25,2013,5,18,5/18/2013 20:07
DY13-06 26 1 60BON 1,DY13-06,26,2013,5,18,5/18/2013 21:37
DY13-06 27 1 60BON 1,DY13-06,27,2013,5,18,5/18/2013 23:07
DY13-06 28 1 60BON 1,DY13-06,28,2013,5,19,5/19/2013 0:36
DY13-06 29 1 60BON 1,DY13-06,29,2013,5,19,5/19/2013 2:29
DY13-06 30 2 60BON 1,DY13-06,30,2013,5,19,5/19/2013 5:53
DY13-06 31 1 60BON 1,DY13-06,31,2013,5,19,5/19/2013 6:25
DY13-06 32 2 60BON 1,DY13-06,32,2013,5,19,5/19/2013 9:06
DY13-06 33 1 60BON 1,DY13-06,33,2013,5,19,5/19/2013 9:39
DY13-06 34 2 60BON 1,DY13-06,34,2013,5,19,5/19/2013 11:53
DY13-06 35 1 60BON 1,DY13-06,35,2013,5,19,5/19/2013 13:15
DY13-06 36 2 60BON 1,DY13-06,36,2013,5,19,5/19/2013 15:30
DY13-06 37 1 60BON 1,DY13-06,37,2013,5,19,5/19/2013 18:05
DY13-06 38 1 60BON 1,DY13-06,38,2013,5,19,5/19/2013 18:19
DY13-06 39 1 60BON 1,DY13-06,39,2013,5,19,5/19/2013 20:13
DY13-06 40 1 60BON 1,DY13-06,40,2013,5,19,5/19/2013 20:58
DY13-06 41 1 60BON 1,DY13-06,41,2013,5,19,5/19/2013 22:55
DY13-06 42 1 60BON 1,DY13-06,42,2013,5,19,5/19/2013 23:47
DY13-06 43 1 60BON 1,DY13-06,43,2013,5,20,5/20/2013 1:11
DY13-06 44 1 60BON 1,DY13-06,44,2013,5,20,5/20/2013 2:30
DY13-06 45 1 60BON 1,DY13-06,45,2013,5,20,5/20/2013 4:37
DY13-06 46 1 60BON 1,DY13-06,46,2013,5,20,5/20/2013 6:26
DY13-06 47 1 60BON 1,DY13-06,47,2013,5,20,5/20/2013 8:19
DY13-06 48 1 60BON 1,DY13-06,48,2013,5,20,5/20/2013 9:53
DY13-06 49 1 60BON 1,DY13-06,49,2013,5,20,5/20/2013 11:25
DY13-06 50 1 60BON 1,DY13-06,50,2013,5,20,5/20/2013 12:57
DY13-06 51 1 60BON 1,DY13-06,51,2013,5,20,5/20/2013 14:54
DY13-06 52 1 60BON 1,DY13-06,52,2013,5,20,5/20/2013 16:50
DY13-06 53 1 60BON 1,DY13-06,53,2013,5,20,5/20/2013 18:41
DY13-06 54 1 60BON 1,DY13-06,54,2013,5,20,5/20/2013 20:20
DY13-06 55 1 60BON 1,DY13-06,55,2013,5,20,5/20/2013 22:17
DY13-06 56 1 60BON 1,DY13-06,56,2013,5,21,5/21/2013 0:59
DY13-06 57 1 60BON 1,DY13-06,57,2013,5,21,5/21/2013 1:51
DY13-06 58 1 60BON 1,DY13-06,58,2013,5,21,5/21/2013 3:09
DY13-06 59 1 60BON 1,DY13-06,59,2013,5,21,5/21/2013 5:03
DY13-06 60 1 60BON 1,DY13-06,60,2013,5,21,5/21/2013 5:45
DY13-06 61 1 60BON 1,DY13-06,61,2013,5,21,5/21/2013 7:38
DY13-06 62 1 60BON 1,DY13-06,62,2013,5,21,5/21/2013 8:24
DY13-06 63 1 60BON 1,DY13-06,63,2013,5,21,5/21/2013 9:47
DY13-06 64 1 60BON 1,DY13-06,64,2013,5,21,5/21/2013 11:11
DY13-06 65 1 60BON 1,DY13-06,65,2013,5,21,5/21/2013 12:35
DY13-06 66 1 60BON 1,DY13-06,66,2013,5,21,5/21/2013 15:44
DY13-06 67 1 60BON 1,DY13-06,67,2013,5,21,5/21/2013 16:08
DY13-06 68 1 60BON 1,DY13-06,68,2013,5,21,5/21/2013 18:01
DY13-06 69 1 60BON 1,DY13-06,69,2013,5,21,5/21/2013 20:07
DY13-06 70 1 60BON 1,DY13-06,70,2013,5,21,5/21/2013 21:51
DY13-06 71 1 60BON 1,DY13-06,71,2013,5,21,5/21/2013 23:41
DY13-06 72 1 60BON 1,DY13-06,72,2013,5,22,5/22/2013 1:37
DY13-06 73 1 60BON 1,DY13-06,73,2013,5,22,5/22/2013 3:28
DY13-06 74 1 60BON 1,DY13-06,74,2013,5,22,5/22/2013 5:13
DY13-06 75 1 60BON 1,DY13-06,75,2013,5,22,5/22/2013 6:56
DY13-06 76 1 60BON 1,DY13-06,76,2013,5,22,5/22/2013 8:14
DY13-06 77 1 60BON 1,DY13-06,77,2013,5,22,5/22/2013 10:32
DY13-06 78 1 60BON 1,DY13-06,78,2013,5,22,5/22/2013 11:58
DY13-06 79 1 60BON 1,DY13-06,79,2013,5,22,5/22/2013 15:00
DY13-06 80 1 60BON 1,DY13-06,80,2013,5,22,5/22/2013 15:17
DY13-06 81 1 60BON 1,DY13-06,81,2013,5,22,5/22/2013 16:59
DY13-06 82 1 60BON 1,DY13-06,82,2013,5,22,5/22/2013 19:41
DY13-06 83 1 60BON 1,DY13-06,83,2013,5,22,5/22/2013 21:22
DY13-06 84 1 60BON 1,DY13-06,84,2013,5,22,5/22/2013 22:53
DY13-06 85 1 60BON 1,DY13-06,85,2013,5,23,5/23/2013 0:25
DY13-06 86 1 60BON 1,DY13-06,86,2013,5,23,5/23/2013 2:18
DY13-06 87 1 60BON 1,DY13-06,87,2013,5,23,5/23/2013 3:54
DY13-06 88 1 60BON 1,DY13-06,88,2013,5,23,5/23/2013 5:05
DY13-06 89 1 60BON 1,DY13-06,89,2013,5,23,5/23/2013 6:48
DY13-06 90 1 60BON 1,DY13-06,90,2013,5,23,5/23/2013 8:38
DY13-06 91 1 60BON 1,DY13-06,91,2013,5,23,5/23/2013 10:32
DY13-06 92 1 60BON 1,DY13-06,92,2013,5,23,5/23/2013 11:55
DY13-06 93 1 60BON 1,DY13-06,93,2013,5,23,5/23/2013 13:51
DY13-06 94 1 60BON 1,DY13-06,94,2013,5,23,5/23/2013 15:01
DY13-06 95 1 60BON 1,DY13-06,95,2013,5,23,5/23/2013 16:14
DY13-06 96 1 60BON 1,DY13-06,96,2013,5,23,5/23/2013 17:26
DY13-06 97 1 60BON 1,DY13-06,97,2013,5,23,5/23/2013 18:43
DY13-06 98 1 60BON 1,DY13-06,98,2013,5,23,5/23/2013 19:58
DY13-06 99 1 60BON 1,DY13-06,99,2013,5,23,5/23/2013 21:16
DY13-06 100 1 60BON 1,DY13-06,100,2013,5,23,5/23/2013 22:28
DY13-06 101 1 60BON 1,DY13-06,101,2013,5,23,5/23/2013 23:14
DY13-06 102 1 60BON 1,DY13-06,102,2013,5,24,5/24/2013 1:41
DY13-06 103 1 60BON 1,DY13-06,103,2013,5,24,5/24/2013 3:17
DY13-06 104 1 60BON 1,DY13-06,104,2013,5,24,5/24/2013 4:43
DY13-06 105 1 60BON 1,DY13-06,105,2013,5,24,5/24/2013 6:14
DY13-06 106 1 60BON 1,DY13-06,106,2013,5,24,5/24/2013 7:48
DY13-06 107 1 60BON 1,DY13-06,107,2013,5,24,5/24/2013 9:04
DY13-06 108 1 60BON 1,DY13-06,108,2013,5,24,5/24/2013 10:10
DY13-06 109 1 60BON 1,DY13-06,109,2013,5,24,5/24/2013 11:23
DY13-06 110 1 60BON 1,DY13-06,110,2013,5,24,5/24/2013 12:39
DY13-06 111 1 60BON 1,DY13-06,111,2013,5,24,5/24/2013 13:57
DY13-06 112 1 60BON 1,DY13-06,112,2013,5,24,5/24/2013 15:08
DY13-06 113 1 60BON 1,DY13-06,113,2013,5,24,5/24/2013 16:20
DY13-06 114 1 60BON 1,DY13-06,114,2013,5,24,5/24/2013 17:29
DY13-06 115 1 60BON 1,DY13-06,115,2013,5,24,5/24/2013 18:43
DY13-06 116 1 60BON 1,DY13-06,116,2013,5,24,5/24/2013 19:58
DY13-06 117 1 60BON 1,DY13-06,117,2013,5,24,5/24/2013 21:45
DY13-06 118 1 60BON 1,DY13-06,118,2013,5,24,5/24/2013 22:17
DY13-06 119 1 60BON 1,DY13-06,119,2013,5,24,5/24/2013 23:24
DY13-06 120 1 60BON 1,DY13-06,120,2013,5,25,5/25/2013 0:35
DY13-06 121 1 60BON 1,DY13-06,121,2013,5,25,5/25/2013 1:46
DY13-06 122 1 60BON 1,DY13-06,122,2013,5,25,5/25/2013 3:02
DY13-06 123 1 60BON 1,DY13-06,123,2013,5,25,5/25/2013 4:18
DY13-06 124 1 60BON 1,DY13-06,124,2013,5,25,5/25/2013 5:31
DY13-06 125 1 60BON 1,DY13-06,125,2013,5,25,5/25/2013 6:42
DY13-06 126 1 60BON 1,DY13-06,126,2013,5,25,5/25/2013 7:58
DY13-06 127 1 60BON 1,DY13-06,127,2013,5,25,5/25/2013 9:13
DY13-06 128 1 60BON 1,DY13-06,128,2013,5,25,5/25/2013 10:21
DY13-06 129 1 60BON 1,DY13-06,129,2013,5,25,5/25/2013 11:59
DY13-06 130 1 60BON 1,DY13-06,130,2013,5,25,5/25/2013 12:44
DY13-06 131 1 60BON 1,DY13-06,131,2013,5,25,5/25/2013 13:57
DY13-06 132 1 60BON 1,DY13-06,132,2013,5,25,5/25/2013 15:08
DY13-06 133 1 60BON 1,DY13-06,133,2013,5,25,5/25/2013 16:37
DY13-06 134 1 60BON 1,DY13-06,134,2013,5,25,5/25/2013 19:02
DY13-06 135 1 60BON 1,DY13-06,135,2013,5,25,5/25/2013 20:36
DY13-06 136 1 60BON 1,DY13-06,136,2013,5,25,5/25/2013 21:58
DY13-06 137 1 60BON 1,DY13-06,137,2013,5,26,5/26/2013 0:36
DY13-06 138 1 60BON 1,DY13-06,138,2013,5,26,5/26/2013 2:30
DY13-06 139 1 60BON 1,DY13-06,139,2013,5,26,5/26/2013 19:38
DY13-06 140 1 60BON 1,DY13-06,140,2013,5,26,5/26/2013 20:10
DY13-06 141 1 60BON 1,DY13-06,141,2013,5,26,5/26/2013 21:26
DY13-06 142 1 60BON 1,DY13-06,142,2013,5,26,5/26/2013 23:26
DY13-06 143 1 60BON 1,DY13-06,143,2013,5,27,5/27/2013 0:02
DY13-06 144 1 60BON 1,DY13-06,144,2013,5,27,5/27/2013 1:17
DY13-06 145 1 60BON 1,DY13-06,145,2013,5,27,5/27/2013 2:30
DY13-06 146 1 60BON 1,DY13-06,146,2013,5,27,5/27/2013 3:41
DY13-06 147 1 60BON 1,DY13-06,147,2013,5,27,5/27/2013 4:53
DY13-06 148 1 60BON 1,DY13-06,148,2013,5,27,5/27/2013 6:04
DY13-06 149 1 60BON 1,DY13-06,149,2013,5,27,5/27/2013 7:19
DY13-06 150 1 60BON 1,DY13-06,150,2013,5,27,5/27/2013 9:40
DY13-06 151 1 60BON 1,DY13-06,151,2013,5,27,5/27/2013 11:46
DY13-06 152 1 60BON 1,DY13-06,152,2013,5,27,5/27/2013 13:31
DY13-06 153 1 60BON 1,DY13-06,153,2013,5,27,5/27/2013 14:49
DY13-06 154 1 60BON 1,DY13-06,154,2013,5,27,5/27/2013 16:24
DY13-06 155 1 60BON 1,DY13-06,155,2013,5,27,5/27/2013 17:41
DY13-06 156 1 60BON 1,DY13-06,156,2013,5,27,5/27/2013 19:35
DY13-06 157 1 60BON 1,DY13-06,157,2013,5,27,5/27/2013 21:24
DY13-06 158 1 60BON 1,DY13-06,158,2013,5,28,5/28/2013 0:06
DY13-06 159 1 60BON 1,DY13-06,159,2013,5,28,5/28/2013 1:41
DY13-06 160 1 60BON 1,DY13-06,160,2013,5,28,5/28/2013 3:17
DY13-06 161 1 60BON 1,DY13-06,161,2013,5,28,5/28/2013 4:50
DY13-06 162 1 60BON 1,DY13-06,162,2013,5,28,5/28/2013 6:26
DY13-06 163 1 60BON 1,DY13-06,163,2013,5,28,5/28/2013 7:52
DY13-06 164 1 60BON 1,DY13-06,164,2013,5,28,5/28/2013 8:55
DY13-06 165 1 60BON 1,DY13-06,165,2013,5,28,5/28/2013 12:14
DY13-06 166 1 60BON 1,DY13-06,166,2013,5,28,5/28/2013 13:31
DY13-06 167 1 60BON 1,DY13-06,167,2013,5,28,5/28/2013 15:05
DY13-06 168 1 60BON 1,DY13-06,168,2013,5,28,5/28/2013 16:12
DY13-06 169 1 60BON 1,DY13-06,169,2013,5,28,5/28/2013 17:38
DY13-06 170 1 60BON 1,DY13-06,170,2013,5,28,5/28/2013 18:47
DY13-06 171 1 60BON 1,DY13-06,171,2013,5,28,5/28/2013 21:04
DY13-06 172 1 60BON 1,DY13-06,172,2013,5,28,5/28/2013 22:27
DY13-06 173 1 60BON 1,DY13-06,173,2013,5,28,5/28/2013 23:23
DY13-06 174 1 60BON 1,DY13-06,174,2013,5,29,5/29/2013 2:23
DY13-06 175 1 60BON 1,DY13-06,175,2013,5,29,5/29/2013 3:51
DY13-06 176 1 60BON 1,DY13-06,176,2013,5,29,5/29/2013 5:30
DY13-06 177 1 60BON 1,DY13-06,177,2013,5,29,5/29/2013 8:15
DY13-06 178 1 60BON 1,DY13-06,178,2013,5,29,5/29/2013 9:56
DY13-06 179 1 60BON 1,DY13-06,179,2013,5,29,5/29/2013 11:15
DY13-06 180 1 60BON 1,DY13-06,180,2013,5,29,5/29/2013 13:40
DY13-06 181 1 60BON 1,DY13-06,181,2013,5,29,5/29/2013 14:58
DY13-06 182 1 60BON 1,DY13-06,182,2013,5,29,5/29/2013 16:12
DY13-06 183 1 60BON 1,DY13-06,183,2013,5,29,5/29/2013 18:15
DY13-06 184 1 60BON 1,DY13-06,184,2013,5,29,5/29/2013 19:34
DY13-06 185 1 60BON 1,DY13-06,185,2013,5,29,5/29/2013 21:45
DY13-06 186 1 60BON 1,DY13-06,186,2013,5,29,5/29/2013 23:08
DY13-06 187 1 60BON 1,DY13-06,187,2013,5,30,5/30/2013 0:22
DY13-06 188 1 60BON 1,DY13-06,188,2013,5,30,5/30/2013 2:04
DY13-06 189 1 60BON 1,DY13-06,189,2013,5,30,5/30/2013 4:16
DY13-06 190 1 60BON 1,DY13-06,190,2013,5,30,5/30/2013 5:38
DY13-06 191 1 60BON 1,DY13-06,191,2013,5,30,5/30/2013 7:00
DY13-06 192 1 60BON 1,DY13-06,192,2013,5,30,5/30/2013 9:46
DY13-06 193 1 60BON 1,DY13-06,193,2013,5,30,5/30/2013 11:12
DY13-06 194 1 60BON 1,DY13-06,194,2013,5,30,5/30/2013 12:25
DY13-06 195 1 60BON 1,DY13-06,195,2013,5,30,5/30/2013 18:16
DY13-06 196 1 60BON 1,DY13-06,196,2013,5,30,5/30/2013 19:22
DY13-06 197 1 60BON 1,DY13-06,197,2013,5,30,5/30/2013 21:03
DY13-06 198 1 60BON 1,DY13-06,198,2013,5,30,5/30/2013 23:28
DY13-06 199 1 60BON 1,DY13-06,199,2013,5,31,5/31/2013 0:54
DY13-06 200 1 60BON 1,DY13-06,200,2013,5,31,5/31/2013 2:10
DY13-06 201 1 60BON 1,DY13-06,201,2013,5,31,5/31/2013 3:59
DY13-06 202 1 60BON 1,DY13-06,202,2013,5,31,5/31/2013 6:00
DY13-06 203 1 60BON 1,DY13-06,203,2013,5,31,5/31/2013 7:18
DY13-06 204 1 60BON 1,DY13-06,204,2013,5,31,5/31/2013 8:31
DY13-06 205 1 60BON 1,DY13-06,205,2013,5,31,5/31/2013 9:44
DY13-06 206 1 60BON 1,DY13-06,206,2013,5,31,5/31/2013 12:18
DY13-06 207 1 60BON 1,DY13-06,207,2013,5,31,5/31/2013 13:24
DY13-06 208 1 60BON 1,DY13-06,208,2013,5,31,5/31/2013 14:29
DY13-06 209 1 60BON 1,DY13-06,209,2013,5,31,5/31/2013 15:36
DY13-06 210 1 60BON 1,DY13-06,210,2013,5,31,5/31/2013 16:45
DY13-06 211 1 60BON 1,DY13-06,211,2013,5,31,5/31/2013 17:54
DY13-06 212 1 60BON 1,DY13-06,212,2013,5,31,5/31/2013 20:04
DY13-06 213 1 60BON 1,DY13-06,213,2013,5,31,5/31/2013 21:13
DY13-06 214 1 60BON 1,DY13-06,214,2013,5,31,5/31/2013 22:22
DY13-06 215 1 60BON 1,DY13-06,215,2013,5,31,5/31/2013 23:33
DY13-06 216 1 60BON 1,DY13-06,216,2013,6,1,6/1/2013 0:42
DY13-06 217 1 60BON 1,DY13-06,217,2013,6,1,6/1/2013 2:00
DY13-06 218 1 60BON 1,DY13-06,218,2013,6,1,6/1/2013 3:12
DY13-06 219 1 60BON 1,DY13-06,219,2013,6,1,6/1/2013 4:26
DY13-06 220 1 60BON 1,DY13-06,220,2013,6,1,6/1/2013 5:37
DY13-06 221 1 60BON 1,DY13-06,221,2013,6,1,6/1/2013 6:47
DY13-06 222 1 60BON 1,DY13-06,222,2013,6,1,6/1/2013 7:58
DY13-06 223 1 60BON 1,DY13-06,223,2013,6,1,6/1/2013 9:08
DY13-06 224 1 60BON 1,DY13-06,224,2013,6,1,6/1/2013 10:18
DY13-06 225 1 60BON 1,DY13-06,225,2013,6,1,6/1/2013 11:29
DY13-06 226 1 60BON 1,DY13-06,226,2013,6,1,6/1/2013 12:36
DY15-05 1 2 60BON 1,DY15-05,1,2015,5,15,5/15/2015 23:23
DY15-05 2 1 60BON 1,DY15-05,2,2015,5,16,5/16/2015 0:42
DY15-05 3 1 60BON 1,DY15-05,3,2015,5,16,5/16/2015 2:59
DY15-05 4 1 60BON 1,DY15-05,4,2015,5,16,5/16/2015 4:10
DY15-05 5 1 60BON 1,DY15-05,5,2015,5,16,5/16/2015 5:27
DY15-05 6 1 60BON 1,DY15-05,6,2015,5,16,5/16/2015 6:41
DY15-05 7 1 60BON 1,DY15-05,7,2015,5,16,5/16/2015 8:02
DY15-05 8 1 60BON 1,DY15-05,8,2015,5,16,5/16/2015 9:31
DY15-05 9 1 60BON 1,DY15-05,9,2015,5,16,5/16/2015 10:59
DY15-05 10 1 60BON 1,DY15-05,10,2015,5,16,5/16/2015 12:27
DY15-05 11 1 60BON 1,DY15-05,11,2015,5,16,5/16/2015 13:59
DY15-05 12 1 60BON 1,DY15-05,12,2015,5,16,5/16/2015 15:35
DY15-05 13 1 60BON 1,DY15-05,13,2015,5,16,5/16/2015 16:57
DY15-05 14 1 60BON 1,DY15-05,14,2015,5,16,5/16/2015 18:14
DY15-05 15 1 60BON 1,DY15-05,15,2015,5,16,5/16/2015 19:38
DY15-05 16 1 60BON 1,DY15-05,16,2015,5,16,5/16/2015 21:22
DY15-05 17 1 60BON 1,DY15-05,17,2015,5,16,5/16/2015 23:10
DY15-05 18 1 60BON 1,DY15-05,18,2015,5,17,5/17/2015 1:04
DY15-05 19 1 60BON 1,DY15-05,19,2015,5,18,5/18/2015 4:11
DY15-05 20 1 60BON 1,DY15-05,20,2015,5,18,5/18/2015 5:46
DY15-05 22 1 60BON 1,DY15-05,22,2015,5,18,5/18/2015 8:26
DY15-05 23 1 60BON 1,DY15-05,23,2015,5,18,5/18/2015 9:50
DY15-05 24 1 60BON 1,DY15-05,24,2015,5,18,5/18/2015 11:07
DY15-05 25 1 60BON 1,DY15-05,25,2015,5,18,5/18/2015 12:22
DY15-05 26 1 60BON 1,DY15-05,26,2015,5,18,5/18/2015 13:44
DY15-05 27 2 60BON 1,DY15-05,27,2015,5,18,5/18/2015 16:27
DY15-05 28 1 60BON 1,DY15-05,28,2015,5,18,5/18/2015 18:29
DY15-05 29 2 60BON 1,DY15-05,29,2015,5,18,5/18/2015 20:10
DY15-05 30 1 60BON 1,DY15-05,30,2015,5,18,5/18/2015 21:26
DY15-05 31 2 60BON 1,DY15-05,31,2015,5,18,5/18/2015 23:04
DY15-05 32 1 60BON 1,DY15-05,32,2015,5,19,5/19/2015 0:31
DY15-05 33 2 60BON 1,DY15-05,33,2015,5,19,5/19/2015 2:22
DY15-05 34 1 60BON 1,DY15-05,34,2015,5,19,5/19/2015 3:57
DY15-05 35 1 60BON 1,DY15-05,35,2015,5,19,5/19/2015 5:13
DY15-05 37 1 60BON 1,DY15-05,37,2015,5,19,5/19/2015 7:45
DY15-05 38 1 60BON 1,DY15-05,38,2015,5,19,5/19/2015 9:05
DY15-05 39 1 60BON 1,DY15-05,39,2015,5,19,5/19/2015 10:25
DY15-05 40 1 60BON 1,DY15-05,40,2015,5,19,5/19/2015 11:46
DY15-05 41 1 60BON 1,DY15-05,41,2015,5,19,5/19/2015 13:04
DY15-05 42 1 60BON 1,DY15-05,42,2015,5,19,5/19/2015 16:52
DY15-05 43 1 60BON 1,DY15-05,43,2015,5,19,5/19/2015 18:17
DY15-05 44 1 60BON 1,DY15-05,44,2015,5,19,5/19/2015 19:55
DY15-05 45 1 60BON 1,DY15-05,45,2015,5,19,5/19/2015 21:12
DY15-05 46 1 60BON 1,DY15-05,46,2015,5,19,5/19/2015 22:30
DY15-05 47 1 60BON 1,DY15-05,47,2015,5,19,5/19/2015 23:57
DY15-05 48 1 60BON 1,DY15-05,48,2015,5,20,5/20/2015 1:35
DY15-05 49 1 60BON 1,DY15-05,49,2015,5,20,5/20/2015 3:03
DY15-05 50 1 60BON 1,DY15-05,50,2015,5,20,5/20/2015 4:42
DY15-05 51 1 60BON 1,DY15-05,51,2015,5,20,5/20/2015 6:12
DY15-05 52 1 60BON 1,DY15-05,52,2015,5,20,5/20/2015 7:47
DY15-05 53 1 60BON 1,DY15-05,53,2015,5,21,5/21/2015 5:23
DY15-05 54 1 60BON 1,DY15-05,54,2015,5,21,5/21/2015 7:00
DY15-05 55 1 60BON 1,DY15-05,55,2015,5,21,5/21/2015 8:19
DY15-05 56 1 60BON 1,DY15-05,56,2015,5,21,5/21/2015 9:46
DY15-05 57 1 60BON 1,DY15-05,57,2015,5,21,5/21/2015 11:11
DY15-05 58 1 60BON 1,DY15-05,58,2015,5,21,5/21/2015 12:32
DY15-05 59 1 60BON 1,DY15-05,59,2015,5,21,5/21/2015 13:52
DY15-05 60 1 60BON 1,DY15-05,60,2015,5,21,5/21/2015 15:37
DY15-05 61 1 60BON 1,DY15-05,61,2015,5,21,5/21/2015 16:52
DY15-05 62 1 60BON 1,DY15-05,62,2015,5,21,5/21/2015 18:07
DY15-05 63 1 60BON 1,DY15-05,63,2015,5,21,5/21/2015 19:19
DY15-05 64 1 60BON 1,DY15-05,64,2015,5,21,5/21/2015 20:34
DY15-05 65 1 60BON 1,DY15-05,65,2015,5,21,5/21/2015 21:57
DY15-05 66 1 60BON 1,DY15-05,66,2015,5,21,5/21/2015 23:12
DY15-05 67 1 60BON 1,DY15-05,67,2015,5,22,5/22/2015 0:40
DY15-05 68 1 60BON 1,DY15-05,68,2015,5,22,5/22/2015 2:00
DY15-05 69 1 60BON 1,DY15-05,69,2015,5,22,5/22/2015 3:17
DY15-05 70 1 60BON 1,DY15-05,70,2015,5,22,5/22/2015 5:02
DY15-05 71 1 60BON 1,DY15-05,71,2015,5,22,5/22/2015 6:26
DY15-05 72 1 60BON 1,DY15-05,72,2015,5,22,5/22/2015 7:48
DY15-05 73 1 60BON 1,DY15-05,73,2015,5,22,5/22/2015 9:21
DY15-05 74 1 60BON 1,DY15-05,74,2015,5,22,5/22/2015 10:36
DY15-05 75 1 60BON 1,DY15-05,75,2015,5,22,5/22/2015 11:57
DY15-05 76 1 60BON 1,DY15-05,76,2015,5,22,5/22/2015 13:18
DY15-05 77 1 60BON 1,DY15-05,77,2015,5,22,5/22/2015 14:40
DY15-05 78 1 60BON 1,DY15-05,78,2015,5,22,5/22/2015 17:28
DY15-05 79 1 60BON 1,DY15-05,79,2015,5,22,5/22/2015 18:51
DY15-05 80 1 60BON 1,DY15-05,80,2015,5,22,5/22/2015 20:19
DY15-05 81 1 60BON 1,DY15-05,81,2015,5,22,5/22/2015 21:56
DY15-05 82 1 60BON 1,DY15-05,82,2015,5,22,5/22/2015 23:18
DY15-05 83 1 60BON 1,DY15-05,83,2015,5,23,5/23/2015 0:37
DY15-05 84 1 60BON 1,DY15-05,84,2015,5,23,5/23/2015 1:56
DY15-05 85 1 60BON 1,DY15-05,85,2015,5,23,5/23/2015 3:22
DY15-05 86 1 60BON 1,DY15-05,86,2015,5,23,5/23/2015 6:54
DY15-05 87 2 60BON 1,DY15-05,87,2015,5,23,5/23/2015 9:14
DY15-05 88 1 60BON 1,DY15-05,88,2015,5,23,5/23/2015 10:50
DY15-05 89 2 60BON 1,DY15-05,89,2015,5,23,5/23/2015 12:55
DY15-05 90 1 60BON 1,DY15-05,90,2015,5,23,5/23/2015 14:04
DY15-05 91 3 60BON 1,DY15-05,91,2015,5,23,5/23/2015 16:54
DY15-05 92 1 60BON 1,DY15-05,92,2015,5,23,5/23/2015 18:06
DY15-05 93 3 60BON 1,DY15-05,93,2015,5,23,5/23/2015 20:26
DY15-05 94 1 60BON 1,DY15-05,94,2015,5,23,5/23/2015 21:34
DY15-05 95 3 60BON 1,DY15-05,95,2015,5,23,5/23/2015 23:46
DY15-05 96 1 60BON 1,DY15-05,96,2015,5,24,5/24/2015 0:54
DY15-05 97 2 60BON 1,DY15-05,97,2015,5,24,5/24/2015 2:47
DY15-05 98 1 60BON 1,DY15-05,98,2015,5,24,5/24/2015 4:09
DY15-05 99 2 60BON 1,DY15-05,99,2015,5,24,5/24/2015 6:02
DY15-05 100 1 60BON 1,DY15-05,100,2015,5,24,5/24/2015 7:12
DY15-05 101 2 60BON 1,DY15-05,101,2015,5,24,5/24/2015 9:07
DY15-05 102 1 60BON 1,DY15-05,102,2015,5,24,5/24/2015 10:20
DY15-05 103 2 60BON 1,DY15-05,103,2015,5,24,5/24/2015 12:19
DY15-05 104 2 60BON 1,DY15-05,104,2015,5,24,5/24/2015 13:40
DY15-05 105 2 60BON 1,DY15-05,105,2015,5,24,5/24/2015 15:05
DY15-05 106 2 60BON 1,DY15-05,106,2015,5,24,5/24/2015 16:29
DY15-05 107 2 60BON 1,DY15-05,107,2015,5,24,5/24/2015 17:51
DY15-05 108 2 60BON 1,DY15-05,108,2015,5,24,5/24/2015 19:23
DY15-05 109 2 60BON 1,DY15-05,109,2015,5,24,5/24/2015 20:56
DY15-05 110 2 60BON 1,DY15-05,110,2015,5,24,5/24/2015 22:21
DY15-05 111 1 60BON 1,DY15-05,111,2015,5,24,5/24/2015 23:30
DY15-05 112 1 60BON 1,DY15-05,112,2015,5,25,5/25/2015 0:55
DY15-05 113 1 60BON 1,DY15-05,113,2015,5,25,5/25/2015 2:24
DY15-05 114 1 60BON 1,DY15-05,114,2015,5,25,5/25/2015 3:50
DY15-05 115 2 60BON 1,DY15-05,115,2015,5,25,5/25/2015 5:54
DY15-05 116 1 60BON 1,DY15-05,116,2015,5,25,5/25/2015 7:51
DY15-05 117 1 60BON 1,DY15-05,117,2015,5,25,5/25/2015 9:26
DY15-05 118 1 60BON 1,DY15-05,118,2015,5,25,5/25/2015 11:23
DY15-05 119 1 60BON 1,DY15-05,119,2015,5,25,5/25/2015 12:44
DY15-05 120 1 60BON 1,DY15-05,120,2015,5,25,5/25/2015 13:59
DY15-05 121 1 60BON 1,DY15-05,121,2015,5,25,5/25/2015 15:32
DY15-05 122 1 60BON 1,DY15-05,122,2015,5,25,5/25/2015 17:11
DY15-05 123 1 60BON 1,DY15-05,123,2015,5,25,5/25/2015 18:34
DY15-05 124 1 60BON 1,DY15-05,124,2015,5,25,5/25/2015 21:27
DY15-05 125 1 60BON 1,DY15-05,125,2015,5,25,5/25/2015 22:47
DY15-05 126 2 60BON 2,DY15-05,126,2015,5,26,5/26/2015 1:51
DY15-05 126 2 60BON 1,DY15-05,126,2015,5,26,5/26/2015 1:51
DY15-05 127 2 60BON 1,DY15-05,127,2015,5,26,5/26/2015 4:06
DY15-05 127 2 60BON 2,DY15-05,127,2015,5,26,5/26/2015 4:06
DY15-05 128 2 60BON 1,DY15-05,128,2015,5,26,5/26/2015 6:06
DY15-05 128 2 60BON 2,DY15-05,128,2015,5,26,5/26/2015 6:06
DY15-05 129 2 60BON 2,DY15-05,129,2015,5,26,5/26/2015 8:15
DY15-05 129 2 60BON 1,DY15-05,129,2015,5,26,5/26/2015 8:15
DY15-05 130 2 60BON 2,DY15-05,130,2015,5,26,5/26/2015 10:43
DY15-05 130 2 60BON 1,DY15-05,130,2015,5,26,5/26/2015 10:43
DY15-05 131 2 60BON 1,DY15-05,131,2015,5,26,5/26/2015 12:52
DY15-05 131 2 60BON 2,DY15-05,131,2015,5,26,5/26/2015 12:52
DY15-05 132 1 60BON 1,DY15-05,132,2015,5,26,5/26/2015 13:46
DY15-05 133 1 60BON 1,DY15-05,133,2015,5,26,5/26/2015 15:03
DY15-05 134 1 60BON 1,DY15-05,134,2015,5,26,5/26/2015 16:20
DY15-05 135 1 60BON 1,DY15-05,135,2015,5,26,5/26/2015 17:38
DY15-05 136 1 60BON 1,DY15-05,136,2015,5,26,5/26/2015 19:00
DY15-05 137 1 60BON 1,DY15-05,137,2015,5,26,5/26/2015 20:19
DY15-05 138 1 60BON 1,DY15-05,138,2015,5,26,5/26/2015 21:33
DY15-05 139 1 60BON 1,DY15-05,139,2015,5,26,5/26/2015 22:47
DY15-05 140 1 60BON 1,DY15-05,140,2015,5,27,5/27/2015 0:03
DY15-05 141 1 60BON 1,DY15-05,141,2015,5,27,5/27/2015 1:38
DY15-05 142 1 60BON 1,DY15-05,142,2015,5,27,5/27/2015 3:03
DY15-05 143 1 60BON 1,DY15-05,143,2015,5,27,5/27/2015 4:18
DY15-05 144 1 60BON 1,DY15-05,144,2015,5,27,5/27/2015 6:00
DY15-05 145 1 60BON 1,DY15-05,145,2015,5,27,5/27/2015 7:18
DY15-05 146 1 60BON 1,DY15-05,146,2015,5,27,5/27/2015 8:32
DY15-05 147 1 60BON 1,DY15-05,147,2015,5,27,5/27/2015 9:52
DY15-05 148 1 60BON 1,DY15-05,148,2015,5,27,5/27/2015 10:59
DY15-05 149 1 60BON 1,DY15-05,149,2015,5,27,5/27/2015 12:01
DY15-05 150 1 60BON 1,DY15-05,150,2015,5,27,5/27/2015 13:17
DY15-05 151 1 60BON 1,DY15-05,151,2015,5,27,5/27/2015 14:27
DY15-05 152 1 60BON 1,DY15-05,152,2015,5,27,5/27/2015 16:01
DY15-05 153 1 60BON 1,DY15-05,153,2015,5,27,5/27/2015 17:13
DY15-05 154 1 60BON 1,DY15-05,154,2015,5,27,5/27/2015 18:20
DY15-05 155 1 60BON 1,DY15-05,155,2015,5,27,5/27/2015 19:31
DY15-05 156 1 60BON 1,DY15-05,156,2015,5,27,5/27/2015 21:47
DY15-05 157 1 60BON 1,DY15-05,157,2015,5,27,5/27/2015 23:15
DY15-05 158 2 60BON 1,DY15-05,158,2015,5,28,5/28/2015 0:45
DY15-05 159 1 60BON 1,DY15-05,159,2015,5,28,5/28/2015 1:53
DY15-05 160 1 60BON 1,DY15-05,160,2015,5,28,5/28/2015 3:07
DY15-05 161 1 60BON 1,DY15-05,161,2015,5,28,5/28/2015 4:19
DY15-05 162 1 60BON 1,DY15-05,162,2015,5,28,5/28/2015 5:34
DY15-05 163 1 60BON 1,DY15-05,163,2015,5,28,5/28/2015 6:47
DY15-05 164 1 60BON 1,DY15-05,164,2015,5,28,5/28/2015 8:09
DY15-05 165 1 60BON 1,DY15-05,165,2015,5,28,5/28/2015 9:36
DY15-05 166 1 60BON 1,DY15-05,166,2015,5,28,5/28/2015 11:07
DY15-05 167 1 60BON 1,DY15-05,167,2015,5,28,5/28/2015 12:34
DY15-05 168 1 60BON 1,DY15-05,168,2015,5,28,5/28/2015 13:40
DY15-05 169 1 60BON 1,DY15-05,169,2015,5,28,5/28/2015 15:01
DY15-05 170 1 60BON 1,DY15-05,170,2015,5,28,5/28/2015 16:18
DY15-05 171 1 60BON 1,DY15-05,171,2015,5,28,5/28/2015 17:34
DY15-05 172 1 60BON 2,DY15-05,172,2015,5,28,5/28/2015 18:46
DY15-05 173 1 60BON 1,DY15-05,173,2015,5,28,5/28/2015 19:43
DY15-05 174 1 60BON 1,DY15-05,174,2015,5,28,5/28/2015 20:58
DY15-05 175 1 60BON 1,DY15-05,175,2015,5,28,5/28/2015 22:10
DY15-05 176 1 60BON 1,DY15-05,176,2015,5,28,5/28/2015 23:22
DY15-05 177 1 60BON 1,DY15-05,177,2015,5,29,5/29/2015 0:39
DY15-05 178 1 60BON 1,DY15-05,178,2015,5,29,5/29/2015 2:00
DY15-05 179 1 60BON 1,DY15-05,179,2015,5,29,5/29/2015 3:08
DY15-05 180 1 60BON 1,DY15-05,180,2015,5,29,5/29/2015 4:20
DY15-05 181 1 60BON 1,DY15-05,181,2015,5,29,5/29/2015 6:51
DY15-05 182 1 60BON 1,DY15-05,182,2015,5,29,5/29/2015 8:22
DY15-05 183 1 60BON 1,DY15-05,183,2015,5,29,5/29/2015 9:37
DY15-05 184 1 60BON 1,DY15-05,184,2015,5,29,5/29/2015 11:09
DY15-05 185 1 60BON 1,DY15-05,185,2015,5,29,5/29/2015 12:27
DY15-05 186 1 60BON 1,DY15-05,186,2015,5,29,5/29/2015 13:34
DY15-05 187 1 60BON 1,DY15-05,187,2015,5,29,5/29/2015 14:23
DY15-05 188 1 60BON 1,DY15-05,188,2015,5,29,5/29/2015 17:00
DY15-05 189 1 60BON 1,DY15-05,189,2015,5,29,5/29/2015 17:53
DY15-05 190 1 60BON 1,DY15-05,190,2015,5,29,5/29/2015 19:07
DY15-05 191 1 60BON 1,DY15-05,191,2015,5,29,5/29/2015 20:12
DY15-05 192 1 60BON 1,DY15-05,192,2015,5,29,5/29/2015 21:32
DY15-05 193 1 60BON 1,DY15-05,193,2015,5,29,5/29/2015 22:49
DY15-05 194 1 60BON 1,DY15-05,194,2015,5,30,5/30/2015 0:01
DY15-05 195 1 60BON 1,DY15-05,195,2015,5,30,5/30/2015 1:20
DY15-05 196 1 60BON 1,DY15-05,196,2015,5,30,5/30/2015 2:37
DY15-05 197 1 60BON 1,DY15-05,197,2015,5,30,5/30/2015 3:40
DY15-05 198 1 60BON 1,DY15-05,198,2015,5,30,5/30/2015 5:52
DY15-05 199 1 60BON 1,DY15-05,199,2015,5,30,5/30/2015 6:56
DY15-05 200 1 60BON 1,DY15-05,200,2015,5,30,5/30/2015 8:06
DY15-05 201 1 60BON 1,DY15-05,201,2015,5,30,5/30/2015 9:12
DY15-05 202 1 60BON 1,DY15-05,202,2015,5,30,5/30/2015 10:25
DY15-05 203 1 60BON 1,DY15-05,203,2015,5,30,5/30/2015 11:39
DY15-05 204 2 60BON 1,DY15-05,204,2015,5,30,5/30/2015 13:25
DY15-05 205 1 60BON 1,DY15-05,205,2015,5,30,5/30/2015 14:34
DY15-05 206 1 60BON 1,DY15-05,206,2015,5,30,5/30/2015 15:40
DY15-05 207 1 60BON 1,DY15-05,207,2015,5,30,5/30/2015 16:48
DY15-05 208 1 60BON 1,DY15-05,208,2015,5,30,5/30/2015 17:51
DY15-05 209 1 60BON 1,DY15-05,209,2015,5,30,5/30/2015 19:00
DY15-05 210 1 60BON 1,DY15-05,210,2015,5,30,5/30/2015 20:16
DY15-05 211 1 60BON 1,DY15-05,211,2015,5,30,5/30/2015 21:14
DY15-05 212 1 60BON 1,DY15-05,212,2015,5,30,5/30/2015 22:38
DY15-05 213 1 60BON 1,DY15-05,213,2015,5,31,5/31/2015 0:08
DY15-05 214 1 60BON 1,DY15-05,214,2015,5,31,5/31/2015 1:17
DY15-05 215 1 60BON 1,DY15-05,215,2015,5,31,5/31/2015 2:27
DY15-05 216 1 60BON 1,DY15-05,216,2015,5,31,5/31/2015 22:13
DY15-05 217 1 60BON 1,DY15-05,217,2015,5,31,5/31/2015 23:23
DY15-05 218 1 60BON 1,DY15-05,218,2015,6,1,6/1/2015 0:35
DY15-05 219 1 60BON 1,DY15-05,219,2015,6,1,6/1/2015 1:55
DY15-05 220 1 60BON 1,DY15-05,220,2015,6,1,6/1/2015 3:24
DY15-05 221 1 60BON 1,DY15-05,221,2015,6,1,6/1/2015 5:11
DY15-05 222 2 60BON 1,DY15-05,222,2015,6,1,6/1/2015 7:55
DY15-05 223 1 60BON 1,DY15-05,223,2015,6,1,6/1/2015 11:33
DY15-05 224 1 60BON 1,DY15-05,224,2015,6,1,6/1/2015 14:07
DY15-05 225 1 60BON 1,DY15-05,225,2015,6,1,6/1/2015 15:36
DY15-05 226 1 60BON 1,DY15-05,226,2015,6,1,6/1/2015 16:49
DY15-05 227 1 60BON 1,DY15-05,227,2015,6,1,6/1/2015 18:07
DY15-05 228 1 60BON 1,DY15-05,228,2015,6,1,6/1/2015 19:40
DY15-05 229 2 60BON 1,DY15-05,229,2015,6,1,6/1/2015 21:42
DY15-05 230 1 60BON 1,DY15-05,230,2015,6,1,6/1/2015 23:03
DY15-05 231 1 60BON 1,DY15-05,231,2015,6,2,6/2/2015 0:28
DY15-05 232 1 60BON 1,DY15-05,232,2015,6,2,6/2/2015 2:04
DY15-05 233 1 60BON 1,DY15-05,233,2015,6,2,6/2/2015 3:56
DY15-05 234 1 60BON 1,DY15-05,234,2015,6,2,6/2/2015 5:12
DY15-05 235 1 60BON 1,DY15-05,235,2015,6,2,6/2/2015 6:29
DY15-05 236 1 60BON 1,DY15-05,236,2015,6,2,6/2/2015 8:00
DY15-05 237 2 60BON 1,DY15-05,237,2015,6,2,6/2/2015 9:45
DY15-05 238 1 60BON 1,DY15-05,238,2015,6,2,6/2/2015 10:56
DY15-05 239 1 60BON 1,DY15-05,239,2015,6,2,6/2/2015 12:01
DY15-05 240 1 60BON 1,DY15-05,240,2015,6,2,6/2/2015 13:02
DY15-05 241 1 60BON 1,DY15-05,241,2015,6,2,6/2/2015 14:09
DY15-05 242 1 60BON 1,DY15-05,242,2015,6,2,6/2/2015 15:33
DY15-05 243 1 60BON 1,DY15-05,243,2015,6,2,6/2/2015 16:49
DY15-05 244 1 60BON 1,DY15-05,244,2015,6,2,6/2/2015 17:57
DY15-05 245 1 60BON 1,DY15-05,245,2015,6,2,6/2/2015 19:59
DY15-05 246 1 60BON 1,DY15-05,246,2015,6,2,6/2/2015 21:45
DY15-05 247 1 60BON 1,DY15-05,247,2015,6,2,6/2/2015 22:57
DY15-05 248 1 60BON 1,DY15-05,248,2015,6,3,6/3/2015 0:17
DY15-05 249 1 60BON 1,DY15-05,249,2015,6,3,6/3/2015 1:56
DY15-05 250 1 60BON 1,DY15-05,250,2015,6,3,6/3/2015 3:10
DY15-05 251 1 60BON 1,DY15-05,251,2015,6,3,6/3/2015 4:34
DY15-05 252 1 60BON 1,DY15-05,252,2015,6,3,6/3/2015 5:35
DY15-05 253 1 60BON 1,DY15-05,253,2015,6,3,6/3/2015 6:47
DY15-05 254 1 60BON 1,DY15-05,254,2015,6,3,6/3/2015 8:08
DY15-05 255 1 60BON 1,DY15-05,255,2015,6,3,6/3/2015 9:31
DY15-05 256 1 60BON 1,DY15-05,256,2015,6,3,6/3/2015 10:42
DY15-05 257 1 60BON 1,DY15-05,257,2015,6,3,6/3/2015 11:54
DY15-05 258 1 60BON 1,DY15-05,258,2015,6,3,6/3/2015 13:03
DY15-05 259 1 60BON 1,DY15-05,259,2015,6,3,6/3/2015 14:17
DY15-05 260 1 60BON 1,DY15-05,260,2015,6,3,6/3/2015 15:29
DY15-05 261 1 60BON 1,DY15-05,261,2015,6,3,6/3/2015 16:45
DY15-05 262 1 60BON 1,DY15-05,262,2015,6,3,6/3/2015 18:05
DY15-05 263 1 60BON 1,DY15-05,263,2015,6,3,6/3/2015 19:38
DY15-05 264 1 60BON 1,DY15-05,264,2015,6,3,6/3/2015 20:50
DY15-05 265 1 60BON 1,DY15-05,265,2015,6,3,6/3/2015 22:00
DY15-05 266 1 60BON 1,DY15-05,266,2015,6,3,6/3/2015 23:11
DY15-05 267 1 60BON 1,DY15-05,267,2015,6,4,6/4/2015 0:27
DY15-05 268 1 60BON 1,DY15-05,268,2015,6,4,6/4/2015 1:55
DY15-05 269 1 60BON 1,DY15-05,269,2015,6,4,6/4/2015 3:07
DY15-05 270 1 60BON 1,DY15-05,270,2015,6,4,6/4/2015 4:45
DY15-05 271 1 60BON 1,DY15-05,271,2015,6,4,6/4/2015 5:57
DY15-05 272 1 60BON 1,DY15-05,272,2015,6,4,6/4/2015 7:09
DY15-05 273 1 60BON 1,DY15-05,273,2015,6,4,6/4/2015 8:24
DY15-05 274 1 60BON 1,DY15-05,274,2015,6,4,6/4/2015 9:46
DY15-05 275 1 60BON 1,DY15-05,275,2015,6,4,6/4/2015 10:58
DY15-05 276 1 60BON 1,DY15-05,276,2015,6,4,6/4/2015 12:15
DY17-05 1 2 60BON 1,DY17-05,1,2017,5,12,5/12/2017 5:41
DY17-05 2 1 60BON 1,DY17-05,2,2017,5,12,5/12/2017 7:04
DY17-05 3 1 60BON 1,DY17-05,3,2017,5,12,5/12/2017 8:13
DY17-05 4 1 60BON 1,DY17-05,4,2017,5,12,5/12/2017 9:34
DY17-05 5 1 60BON 1,DY17-05,5,2017,5,12,5/12/2017 10:52
DY17-05 6 1 60BON 1,DY17-05,6,2017,5,12,5/12/2017 12:07
DY17-05 7 1 60BON 1,DY17-05,7,2017,5,12,5/12/2017 21:01
DY17-05 8 1 60BON 1,DY17-05,8,2017,5,12,5/12/2017 22:48
DY17-05 9 1 60BON 1,DY17-05,9,2017,5,13,5/13/2017 0:00
DY17-05 10 1 60BON 1,DY17-05,10,2017,5,13,5/13/2017 1:36
DY17-05 11 1 60BON 1,DY17-05,11,2017,5,13,5/13/2017 3:00
DY17-05 12 1 60BON 1,DY17-05,12,2017,5,13,5/13/2017 4:13
DY17-05 13 1 60BON 1,DY17-05,13,2017,5,13,5/13/2017 5:15
DY17-05 14 1 60BON 1,DY17-05,14,2017,5,13,5/13/2017 6:24
DY17-05 15 1 60BON 1,DY17-05,15,2017,5,13,5/13/2017 7:45
DY17-05 16 1 60BON 1,DY17-05,16,2017,5,13,5/13/2017 11:26
DY17-05 17 1 60BON 1,DY17-05,17,2017,5,13,5/13/2017 13:03
DY17-05 18 1 60BON 1,DY17-05,18,2017,5,13,5/13/2017 15:04
DY17-05 19 1 60BON 1,DY17-05,19,2017,5,13,5/13/2017 16:33
DY17-05 20 1 60BON 1,DY17-05,20,2017,5,13,5/13/2017 17:47
DY17-05 21 1 60BON 1,DY17-05,21,2017,5,13,5/13/2017 18:53
DY17-05 22 1 60BON 1,DY17-05,22,2017,5,13,5/13/2017 20:07
DY17-05 23 1 60BON 1,DY17-05,23,2017,5,13,5/13/2017 21:32
DY17-05 24 2 60BON 1,DY17-05,24,2017,5,14,5/14/2017 0:01
DY17-05 25 1 60BON 1,DY17-05,25,2017,5,14,5/14/2017 1:10
DY17-05 26 1 60BON 1,DY17-05,26,2017,5,14,5/14/2017 2:30
DY17-05 27 1 60BON 1,DY17-05,27,2017,5,14,5/14/2017 3:39
DY17-05 28 1 60BON 1,DY17-05,28,2017,5,14,5/14/2017 5:34
DY17-05 29 1 60BON 1,DY17-05,29,2017,5,14,5/14/2017 7:50
DY17-05 30 1 60BON 1,DY17-05,30,2017,5,14,5/14/2017 9:01
DY17-05 31 1 60BON 1,DY17-05,31,2017,5,14,5/14/2017 10:38
DY17-05 32 1 60BON 1,DY17-05,32,2017,5,14,5/14/2017 11:54
DY17-05 33 1 60BON 1,DY17-05,33,2017,5,14,5/14/2017 13:09
DY17-05 34 1 60BON 1,DY17-05,34,2017,5,14,5/14/2017 14:23
DY17-05 35 1 60BON 1,DY17-05,35,2017,5,14,5/14/2017 15:37
DY17-05 36 1 60BON 1,DY17-05,36,2017,5,14,5/14/2017 16:52
DY17-05 37 1 60BON 1,DY17-05,37,2017,5,14,5/14/2017 18:07
DY17-05 38 1 60BON 1,DY17-05,38,2017,5,14,5/14/2017 19:12
DY17-05 39 1 60BON 1,DY17-05,39,2017,5,14,5/14/2017 20:22
DY17-05 40 1 60BON 1,DY17-05,40,2017,5,14,5/14/2017 21:59
DY17-05 41 1 60BON 1,DY17-05,41,2017,5,14,5/14/2017 23:17
DY17-05 42 1 60BON 1,DY17-05,42,2017,5,15,5/15/2017 1:00
DY17-05 43 1 60BON 1,DY17-05,43,2017,5,15,5/15/2017 2:15
DY17-05 44 1 60BON 1,DY17-05,44,2017,5,15,5/15/2017 3:32
DY17-05 45 1 60BON 1,DY17-05,45,2017,5,15,5/15/2017 4:37
DY17-05 46 1 60BON 1,DY17-05,46,2017,5,15,5/15/2017 5:46
DY17-05 47 1 60BON 1,DY17-05,47,2017,5,15,5/15/2017 6:55
DY17-05 48 1 60BON 1,DY17-05,48,2017,5,15,5/15/2017 8:02
DY17-05 49 1 60BON 1,DY17-05,49,2017,5,15,5/15/2017 9:11
DY17-05 50 1 60BON 1,DY17-05,50,2017,5,15,5/15/2017 10:16
DY17-05 51 1 60BON 1,DY17-05,51,2017,5,15,5/15/2017 11:20
DY17-05 52 1 60BON 1,DY17-05,52,2017,5,17,5/17/2017 7:24
DY17-05 53 1 60BON 1,DY17-05,53,2017,5,17,5/17/2017 8:53
DY17-05 54 1 60BON 1,DY17-05,54,2017,5,17,5/17/2017 10:03
DY17-05 55 1 60BON 2,DY17-05,55,2017,5,17,5/17/2017 11:15
DY17-05 56 1 60BON 1,DY17-05,56,2017,5,17,5/17/2017 21:58
DY17-05 57 1 60BON 1,DY17-05,57,2017,5,17,5/17/2017 23:04
DY17-05 58 1 60BON 1,DY17-05,58,2017,5,18,5/18/2017 0:12
DY17-05 59 1 60BON 1,DY17-05,59,2017,5,18,5/18/2017 1:48
DY17-05 60 1 60BON 1,DY17-05,60,2017,5,18,5/18/2017 2:56
DY17-05 61 1 60BON 1,DY17-05,61,2017,5,18,5/18/2017 3:59
DY17-05 62 1 60BON 1,DY17-05,62,2017,5,18,5/18/2017 5:02
DY17-05 63 1 60BON 1,DY17-05,63,2017,5,18,5/18/2017 6:34
DY17-05 64 1 60BON 1,DY17-05,64,2017,5,18,5/18/2017 8:35
DY17-05 65 1 60BON 1,DY17-05,65,2017,5,18,5/18/2017 11:11
DY17-05 66 1 60BON 1,DY17-05,66,2017,5,18,5/18/2017 13:23
DY17-05 67 1 60BON 1,DY17-05,67,2017,5,18,5/18/2017 15:24
DY17-05 68 1 60BON 1,DY17-05,68,2017,5,18,5/18/2017 17:07
DY17-05 69 1 60BON 1,DY17-05,69,2017,5,18,5/18/2017 18:08
DY17-05 70 1 60BON 1,DY17-05,70,2017,5,18,5/18/2017 19:13
DY17-05 71 1 60BON 1,DY17-05,71,2017,5,18,5/18/2017 20:18
DY17-05 72 1 60BON 1,DY17-05,72,2017,5,18,5/18/2017 21:22
DY17-05 73 1 60BON 1,DY17-05,73,2017,5,18,5/18/2017 22:23
DY17-05 74 1 60BON 1,DY17-05,74,2017,5,18,5/18/2017 23:28
DY17-05 75 1 60BON 1,DY17-05,75,2017,5,19,5/19/2017 1:35
DY17-05 76 1 60BON 1,DY17-05,76,2017,5,19,5/19/2017 3:11
DY17-05 77 1 60BON 1,DY17-05,77,2017,5,19,5/19/2017 4:47
DY17-05 78 1 60BON 1,DY17-05,78,2017,5,19,5/19/2017 6:25
DY17-05 79 1 60BON 1,DY17-05,79,2017,5,19,5/19/2017 8:42
DY17-05 80 1 60BON 1,DY17-05,80,2017,5,19,5/19/2017 11:52
DY17-05 81 1 60BON 1,DY17-05,81,2017,5,19,5/19/2017 13:04
DY17-05 82 1 60BON 1,DY17-05,82,2017,5,19,5/19/2017 14:05
DY17-05 83 1 60BON 1,DY17-05,83,2017,5,19,5/19/2017 15:28
DY17-05 84 1 60BON 1,DY17-05,84,2017,5,19,5/19/2017 16:42
DY17-05 85 1 60BON 1,DY17-05,85,2017,5,19,5/19/2017 17:48
DY17-05 86 1 60BON 1,DY17-05,86,2017,5,19,5/19/2017 18:55
DY17-05 87 1 60BON 1,DY17-05,87,2017,5,19,5/19/2017 20:06
DY17-05 88 1 60BON 1,DY17-05,88,2017,5,19,5/19/2017 21:59
DY17-05 89 1 60BON 1,DY17-05,89,2017,5,19,5/19/2017 22:35
DY17-05 90 1 60BON 1,DY17-05,90,2017,5,19,5/19/2017 23:43
DY17-05 91 1 60BON 1,DY17-05,91,2017,5,20,5/20/2017 0:53
DY17-05 92 1 60BON 1,DY17-05,92,2017,5,20,5/20/2017 2:02
DY17-05 93 2 60BON 1,DY17-05,93,2017,5,20,5/20/2017 4:42
DY17-05 94 2 60BON 1,DY17-05,94,2017,5,20,5/20/2017 10:45
DY17-05 95 2 60BON 1,DY17-05,95,2017,5,20,5/20/2017 12:56
DY17-05 96 3 60BON 1,DY17-05,96,2017,5,20,5/20/2017 15:51
DY17-05 97 2 60BON 1,DY17-05,97,2017,5,20,5/20/2017 18:04
DY17-05 98 2 60BON 1,DY17-05,98,2017,5,20,5/20/2017 19:51
DY17-05 99 1 60BON 1,DY17-05,99,2017,5,20,5/20/2017 22:31
DY17-05 100 1 60BON 1,DY17-05,100,2017,5,20,5/20/2017 23:39
DY17-05 101 1 60BON 1,DY17-05,101,2017,5,21,5/21/2017 0:43
DY17-05 102 1 60BON 1,DY17-05,102,2017,5,21,5/21/2017 1:53
DY17-05 103 1 60BON 1,DY17-05,103,2017,5,21,5/21/2017 3:03
DY17-05 104 1 60BON 1,DY17-05,104,2017,5,21,5/21/2017 4:12
DY17-05 105 1 60BON 1,DY17-05,105,2017,5,21,5/21/2017 5:16
DY17-05 106 1 60BON 1,DY17-05,106,2017,5,21,5/21/2017 6:19
DY17-05 107 1 60BON 1,DY17-05,107,2017,5,21,5/21/2017 7:21
DY17-05 108 1 60BON 1,DY17-05,108,2017,5,21,5/21/2017 8:25
DY17-05 109 1 60BON 1,DY17-05,109,2017,5,21,5/21/2017 9:29
DY17-05 110 1 60BON 1,DY17-05,110,2017,5,21,5/21/2017 10:15
DY17-05 111 1 60BON 1,DY17-05,111,2017,5,21,5/21/2017 11:26
DY17-05 112 1 60BON 1,DY17-05,112,2017,5,21,5/21/2017 12:27
DY17-05 113 1 60BON 1,DY17-05,113,2017,5,21,5/21/2017 13:33
DY17-05 114 1 60BON 1,DY17-05,114,2017,5,21,5/21/2017 14:41
DY17-05 115 1 60BON 1,DY17-05,115,2017,5,21,5/21/2017 15:46
DY17-05 116 1 60BON 1,DY17-05,116,2017,5,21,5/21/2017 16:50
DY17-05 117 1 60BON 1,DY17-05,117,2017,5,21,5/21/2017 17:53
DY17-05 118 2 60BON 1,DY17-05,118,2017,5,21,5/21/2017 19:55
DY17-05 119 1 60BON 1,DY17-05,119,2017,5,21,5/21/2017 21:04
DY17-05 120 2 60BON 1,DY17-05,120,2017,5,21,5/21/2017 22:55
DY17-05 121 1 60BON 1,DY17-05,121,2017,5,22,5/22/2017 0:04
DY17-05 122 2 60BON 1,DY17-05,122,2017,5,22,5/22/2017 2:01
DY17-05 123 1 60BON 1,DY17-05,123,2017,5,22,5/22/2017 3:02
DY17-05 124 2 60BON 1,DY17-05,124,2017,5,22,5/22/2017 5:45
DY17-05 125 1 60BON 1,DY17-05,125,2017,5,22,5/22/2017 6:50
DY17-05 126 2 60BON 1,DY17-05,126,2017,5,22,5/22/2017 8:45
DY17-05 127 1 60BON 1,DY17-05,127,2017,5,22,5/22/2017 9:50
DY17-05 128 2 60BON 1,DY17-05,128,2017,5,22,5/22/2017 11:57
DY17-05 129 1 60BON 1,DY17-05,129,2017,5,22,5/22/2017 13:06
DY17-05 130 2 60BON 1,DY17-05,130,2017,5,22,5/22/2017 14:56
DY17-05 131 1 60BON 1,DY17-05,131,2017,5,22,5/22/2017 16:10
DY17-05 132 3 60BON 1,DY17-05,132,2017,5,22,5/22/2017 18:13
DY17-05 133 1 60BON 1,DY17-05,133,2017,5,22,5/22/2017 19:15
DY17-05 134 3 60BON 1,DY17-05,134,2017,5,22,5/22/2017 22:02
DY17-05 135 1 60BON 1,DY17-05,135,2017,5,22,5/22/2017 23:12
DY17-05 136 3 60BON 1,DY17-05,136,2017,5,23,5/23/2017 1:28
DY17-05 137 1 60BON 1,DY17-05,137,2017,5,23,5/23/2017 2:38
DY17-05 138 2 60BON 1,DY17-05,138,2017,5,23,5/23/2017 4:37
DY17-05 139 1 60BON 1,DY17-05,139,2017,5,23,5/23/2017 5:44
DY17-05 140 2 60BON 1,DY17-05,140,2017,5,23,5/23/2017 8:14
DY17-05 141 2 60BON 1,DY17-05,141,2017,5,23,5/23/2017 9:45
DY17-05 142 1 60BON 1,DY17-05,142,2017,5,23,5/23/2017 11:14
DY17-05 143 1 60BON 1,DY17-05,143,2017,5,23,5/23/2017 12:19
DY17-05 144 1 60BON 1,DY17-05,144,2017,5,23,5/23/2017 13:34
DY17-05 145 1 60BON 1,DY17-05,145,2017,5,23,5/23/2017 14:48
DY17-05 146 1 60BON 1,DY17-05,146,2017,5,23,5/23/2017 16:12
DY17-05 147 1 60BON 1,DY17-05,147,2017,5,23,5/23/2017 17:43
DY17-05 148 1 60BON 1,DY17-05,148,2017,5,23,5/23/2017 19:43
DY17-05 149 1 60BON 1,DY17-05,149,2017,5,23,5/23/2017 21:10
DY17-05 150 1 60BON 1,DY17-05,150,2017,5,23,5/23/2017 22:31
DY17-05 151 1 60BON 1,DY17-05,151,2017,5,23,5/23/2017 23:57
DY17-05 152 1 60BON 1,DY17-05,152,2017,5,24,5/24/2017 1:48
DY17-05 153 1 60BON 1,DY17-05,153,2017,5,25,5/25/2017 1:36
DY17-05 154 1 60BON 1,DY17-05,154,2017,5,25,5/25/2017 2:51
DY17-05 155 1 60BON 1,DY17-05,155,2017,5,25,5/25/2017 4:03
DY17-05 156 1 60BON 1,DY17-05,156,2017,5,25,5/25/2017 5:04
DY17-05 157 1 60BON 1,DY17-05,157,2017,5,25,5/25/2017 6:50
DY17-05 158 1 60BON 1,DY17-05,158,2017,5,25,5/25/2017 8:41
DY17-05 159 1 60BON 1,DY17-05,159,2017,5,25,5/25/2017 11:09
DY17-05 160 1 60BON 1,DY17-05,160,2017,5,25,5/25/2017 13:13
DY17-05 161 1 60BON 1,DY17-05,161,2017,5,25,5/25/2017 15:28
DY17-05 162 1 60BON 1,DY17-05,162,2017,5,25,5/25/2017 17:01
DY17-05 163 1 60BON 1,DY17-05,163,2017,5,25,5/25/2017 18:48
DY17-05 164 1 60BON 1,DY17-05,164,2017,5,25,5/25/2017 20:22
DY17-05 165 1 60BON 1,DY17-05,165,2017,5,25,5/25/2017 21:36
DY17-05 166 1 60BON 1,DY17-05,166,2017,5,25,5/25/2017 23:05
DY17-05 167 1 60BON 1,DY17-05,167,2017,5,26,5/26/2017 0:20
DY17-05 168 1 60BON 1,DY17-05,168,2017,5,26,5/26/2017 1:37
DY17-05 169 1 60BON 1,DY17-05,169,2017,5,26,5/26/2017 2:53
DY17-05 170 1 60BON 1,DY17-05,170,2017,5,26,5/26/2017 4:07
DY17-05 171 1 60BON 1,DY17-05,171,2017,5,26,5/26/2017 5:22
DY17-05 172 1 60BON 1,DY17-05,172,2017,5,26,5/26/2017 6:33
DY17-05 173 1 60BON 1,DY17-05,173,2017,5,26,5/26/2017 8:17
DY17-05 174 1 60BON 1,DY17-05,174,2017,5,26,5/26/2017 9:59
DY17-05 175 1 60BON 1,DY17-05,175,2017,5,26,5/26/2017 12:21
DY17-05 176 1 60BON 1,DY17-05,176,2017,5,26,5/26/2017 13:56
DY17-05 177 1 60BON 1,DY17-05,177,2017,5,26,5/26/2017 15:31
DY17-05 178 1 60BON 1,DY17-05,178,2017,5,26,5/26/2017 17:06
DY17-05 179 1 60BON 1,DY17-05,179,2017,5,26,5/26/2017 18:39
DY17-05 180 1 60BON 1,DY17-05,180,2017,5,26,5/26/2017 20:52
DY17-05 181 1 60BON 1,DY17-05,181,2017,5,26,5/26/2017 22:06
DY17-05 182 1 60BON 1,DY17-05,182,2017,5,26,5/26/2017 23:19
DY17-05 183 1 60BON 1,DY17-05,183,2017,5,27,5/27/2017 0:35
DY17-05 184 1 60BON 1,DY17-05,184,2017,5,27,5/27/2017 1:52
DY17-05 185 1 60BON 1,DY17-05,185,2017,5,27,5/27/2017 3:11
DY17-05 186 1 60BON 1,DY17-05,186,2017,5,27,5/27/2017 4:27
DY17-05 187 1 60BON 1,DY17-05,187,2017,5,27,5/27/2017 5:37
DY17-05 188 1 60BON 1,DY17-05,188,2017,5,27,5/27/2017 6:43
DY17-05 189 1 60BON 1,DY17-05,189,2017,5,27,5/27/2017 8:24
DY17-05 190 1 60BON 1,DY17-05,190,2017,5,27,5/27/2017 10:15
DY17-05 191 1 60BON 1,DY17-05,191,2017,5,27,5/27/2017 12:14
DY17-05 192 1 60BON 1,DY17-05,192,2017,5,27,5/27/2017 13:55
DY17-05 193 1 60BON 1,DY17-05,193,2017,5,27,5/27/2017 15:34
DY17-05 194 1 60BON 1,DY17-05,194,2017,5,27,5/27/2017 17:08
DY17-05 195 1 60BON 1,DY17-05,195,2017,5,27,5/27/2017 18:50
DY17-05 196 2 60BON 1,DY17-05,196,2017,5,27,5/27/2017 21:52
DY17-05 197 1 60BON 1,DY17-05,197,2017,5,27,5/27/2017 22:59
DY17-05 198 2 60BON 1,DY17-05,198,2017,5,28,5/28/2017 0:37
DY17-05 199 1 60BON 1,DY17-05,199,2017,5,28,5/28/2017 1:44
DY17-05 200 2 60BON 1,DY17-05,200,2017,5,28,5/28/2017 3:30
DY17-05 201 1 60BON 1,DY17-05,201,2017,5,28,5/28/2017 4:37
DY17-05 202 2 60BON 1,DY17-05,202,2017,5,28,5/28/2017 6:14
DY17-05 203 1 60BON 1,DY17-05,203,2017,5,28,5/28/2017 18:26
DY17-05 204 1 60BON 1,DY17-05,204,2017,5,28,5/28/2017 20:05
DY17-05 205 1 60BON 1,DY17-05,205,2017,5,28,5/28/2017 21:46
DY17-05 206 1 60BON 1,DY17-05,206,2017,5,28,5/28/2017 23:26
DY17-05 207 1 60BON 1,DY17-05,207,2017,5,29,5/29/2017 1:38
DY17-05 208 1 60BON 1,DY17-05,208,2017,5,29,5/29/2017 2:48
DY17-05 209 1 60BON 1,DY17-05,209,2017,5,29,5/29/2017 4:01
DY17-05 210 1 60BON 1,DY17-05,210,2017,5,29,5/29/2017 5:12
DY17-05 211 1 60BON 1,DY17-05,211,2017,5,29,5/29/2017 6:24
DY17-05 212 1 60BON 1,DY17-05,212,2017,5,29,5/29/2017 8:01
DY17-05 213 1 60BON 1,DY17-05,213,2017,5,29,5/29/2017 9:59
DY17-05 214 1 60BON 1,DY17-05,214,2017,5,29,5/29/2017 11:59
DY17-05 215 1 60BON 1,DY17-05,215,2017,5,29,5/29/2017 14:02
DY17-05 216 1 60BON 1,DY17-05,216,2017,5,29,5/29/2017 15:14
DY17-05 217 1 60BON 1,DY17-05,217,2017,5,29,5/29/2017 16:27
DY17-05 218 1 60BON 1,DY17-05,218,2017,5,29,5/29/2017 18:10
DY17-05 219 1 60BON 1,DY17-05,219,2017,5,29,5/29/2017 19:36
DY17-05 220 1 60BON 1,DY17-05,220,2017,5,29,5/29/2017 21:11
DY17-05 221 1 60BON 1,DY17-05,221,2017,5,29,5/29/2017 22:47
DY17-05 222 1 60BON 1,DY17-05,222,2017,5,30,5/30/2017 0:33
DY17-05 223 1 60BON 1,DY17-05,223,2017,5,30,5/30/2017 3:09
DY17-05 224 1 60BON 1,DY17-05,224,2017,5,30,5/30/2017 4:10
DY17-05 225 1 60BON 1,DY17-05,225,2017,5,30,5/30/2017 5:17
DY17-05 226 1 60BON 1,DY17-05,226,2017,5,30,5/30/2017 6:19
DY17-05 227 1 60BON 1,DY17-05,227,2017,5,30,5/30/2017 7:56
DY17-05 228 1 60BON 1,DY17-05,228,2017,5,30,5/30/2017 9:37
DY17-05 229 1 60BON 1,DY17-05,229,2017,5,30,5/30/2017 11:36
DY17-05 230 1 60BON 1,DY17-05,230,2017,5,30,5/30/2017 13:10
DY17-05 231 1 60BON 1,DY17-05,231,2017,5,30,5/30/2017 14:20
DY17-05 232 1 60BON 1,DY17-05,232,2017,5,30,5/30/2017 15:27
DY17-05 233 1 60BON 1,DY17-05,233,2017,5,30,5/30/2017 16:29
DY17-05 234 1 60BON 1,DY17-05,234,2017,5,30,5/30/2017 17:36
DY17-05 235 1 60BON 1,DY17-05,235,2017,5,30,5/30/2017 19:13
DY17-05 236 1 60BON 1,DY17-05,236,2017,5,30,5/30/2017 20:55
DY17-05 237 1 60BON 1,DY17-05,237,2017,5,30,5/30/2017 22:35
DY17-05 238 1 60BON 1,DY17-05,238,2017,5,31,5/31/2017 0:10
DY17-05 239 1 60BON 1,DY17-05,239,2017,5,31,5/31/2017 1:38
DY17-05 240 1 60BON 1,DY17-05,240,2017,5,31,5/31/2017 2:44
DY17-05 241 1 60BON 1,DY17-05,241,2017,5,31,5/31/2017 3:49
DY17-05 242 1 60BON 1,DY17-05,242,2017,5,31,5/31/2017 4:53
DY17-05 243 1 60BON 1,DY17-05,243,2017,5,31,5/31/2017 6:24
DY17-05 244 1 60BON 1,DY17-05,244,2017,5,31,5/31/2017 8:02
DY17-05 245 1 60BON 1,DY17-05,245,2017,5,31,5/31/2017 9:39
DY17-05 246 1 60BON 1,DY17-05,246,2017,5,31,5/31/2017 11:15
DY17-05 247 1 60BON 1,DY17-05,247,2017,5,31,5/31/2017 12:21
DY17-05 248 1 60BON 1,DY17-05,248,2017,5,31,5/31/2017 13:22
DY17-05 249 1 60BON 1,DY17-05,249,2017,5,31,5/31/2017 14:25
DY17-05 250 1 60BON 1,DY17-05,250,2017,5,31,5/31/2017 15:48
DY17-05 251 1 60BON 1,DY17-05,251,2017,5,31,5/31/2017 17:20
DY17-05 253 1 60BON 1,DY17-05,253,2017,5,31,5/31/2017 20:33
DY17-05 254 1 60BON 1,DY17-05,254,2017,5,31,5/31/2017 21:41
DY17-05 255 1 60BON 1,DY17-05,255,2017,5,31,5/31/2017 22:53
DY17-05 256 1 60BON 1,DY17-05,256,2017,6,1,6/1/2017 0:02
DY17-05 257 1 60BON 1,DY17-05,257,2017,6,1,6/1/2017 1:49
DY17-05 258 1 60BON 1,DY17-05,258,2017,6,1,6/1/2017 3:35
DY17-05 259 1 60BON 1,DY17-05,259,2017,6,1,6/1/2017 5:02
DY17-05 260 1 60BON 1,DY17-05,260,2017,6,1,6/1/2017 6:07
DY17-05 261 1 60BON 1,DY17-05,261,2017,6,1,6/1/2017 7:16
DY17-05 262 1 60BON 1,DY17-05,262,2017,6,1,6/1/2017 8:21
DY17-05 263 1 60BON 1,DY17-05,263,2017,6,1,6/1/2017 9:55
DY17-05 264 1 60BON 1,DY17-05,264,2017,6,1,6/1/2017 11:41
DY17-05 265 1 60BON 1,DY17-05,265,2017,6,1,6/1/2017 13:24
DY17-05 266 1 60BON 1,DY17-05,266,2017,6,1,6/1/2017 14:27
DY17-05 267 1 60BON 1,DY17-05,267,2017,6,1,6/1/2017 15:34
DY19-05 1 2 60BON 1,DY19-05,1,2019,5,6,5/6/2019 10:24
DY19-05 2 1 60BON 1,DY19-05,2,2019,5,6,5/6/2019 11:45
DY19-05 3 1 60BON 1,DY19-05,3,2019,5,6,5/6/2019 13:07
DY19-05 4 1 60BON 1,DY19-05,4,2019,5,6,5/6/2019 14:35
DY19-05 5 1 60BON 1,DY19-05,5,2019,5,6,5/6/2019 16:11
DY19-05 6 1 60BON 1,DY19-05,6,2019,5,6,5/6/2019 17:39
DY19-05 7 1 60BON 1,DY19-05,7,2019,5,7,5/7/2019 3:36
DY19-05 8 1 60BON 1,DY19-05,8,2019,5,7,5/7/2019 4:59
DY19-05 9 1 60BON 1,DY19-05,9,2019,5,7,5/7/2019 6:15
DY19-05 10 1 60BON 1,DY19-05,10,2019,5,7,5/7/2019 20:40
DY19-05 11 1 60BON 1,DY19-05,11,2019,5,7,5/7/2019 22:25
DY19-05 12 1 60BON 1,DY19-05,12,2019,5,8,5/8/2019 0:07
DY19-05 13 1 60BON 1,DY19-05,13,2019,5,8,5/8/2019 1:58
DY19-05 14 1 60BON 1,DY19-05,14,2019,5,8,5/8/2019 3:25
DY19-05 15 1 60BON 1,DY19-05,15,2019,5,8,5/8/2019 4:45
DY19-05 16 1 60BON 1,DY19-05,16,2019,5,8,5/8/2019 6:03
DY19-05 17 1 60BON 1,DY19-05,17,2019,5,8,5/8/2019 7:35
DY19-05 18 1 60BON 1,DY19-05,18,2019,5,8,5/8/2019 9:07
DY19-05 19 1 60BON 1,DY19-05,19,2019,5,8,5/8/2019 10:14
DY19-05 20 1 60BON 1,DY19-05,20,2019,5,8,5/8/2019 11:30
DY19-05 21 1 60BON 1,DY19-05,21,2019,5,8,5/8/2019 13:03
DY19-05 22 1 60BON 1,DY19-05,22,2019,5,8,5/8/2019 14:43
DY19-05 23 2 60BON 1,DY19-05,23,2019,5,8,5/8/2019 17:39
DY19-05 24 1 60BON 1,DY19-05,24,2019,5,8,5/8/2019 19:20
DY19-05 25 1 60BON 1,DY19-05,25,2019,5,8,5/8/2019 20:52
DY19-05 26 1 60BON 1,DY19-05,26,2019,5,8,5/8/2019 22:12
DY19-05 27 1 60BON 1,DY19-05,27,2019,5,8,5/8/2019 23:35
DY19-05 28 1 60BON 1,DY19-05,28,2019,5,9,5/9/2019 1:54
DY19-05 29 1 60BON 1,DY19-05,29,2019,5,9,5/9/2019 3:11
DY19-05 30 1 60BON 1,DY19-05,30,2019,5,9,5/9/2019 4:40
DY19-05 31 1 60BON 1,DY19-05,31,2019,5,9,5/9/2019 5:48
DY19-05 32 1 60BON 1,DY19-05,32,2019,5,9,5/9/2019 6:55
DY19-05 33 1 60BON 1,DY19-05,33,2019,5,9,5/9/2019 8:09
DY19-05 34 1 60BON 1,DY19-05,34,2019,5,9,5/9/2019 9:23
DY19-05 35 1 60BON 1,DY19-05,35,2019,5,9,5/9/2019 10:34
DY19-05 36 1 60BON 1,DY19-05,36,2019,5,9,5/9/2019 11:53
DY19-05 37 1 60BON 1,DY19-05,37,2019,5,9,5/9/2019 13:15
DY19-05 38 1 60BON 1,DY19-05,38,2019,5,9,5/9/2019 14:32
DY19-05 39 2 60BON 1,DY19-05,39,2019,5,9,5/9/2019 16:32
DY19-05 40 1 60BON 1,DY19-05,40,2019,5,9,5/9/2019 17:50
DY19-05 41 1 60BON 1,DY19-05,41,2019,5,9,5/9/2019 19:06
DY19-05 42 1 60BON 1,DY19-05,42,2019,5,9,5/9/2019 20:24
DY19-05 43 1 60BON 1,DY19-05,43,2019,5,9,5/9/2019 22:09
DY19-05 44 1 60BON 1,DY19-05,44,2019,5,9,5/9/2019 23:17
DY19-05 45 1 60BON 1,DY19-05,45,2019,5,10,5/10/2019 0:35
DY19-05 46 1 60BON 1,DY19-05,46,2019,5,10,5/10/2019 1:56
DY19-05 47 1 60BON 1,DY19-05,47,2019,5,10,5/10/2019 3:41
DY19-05 48 1 60BON 1,DY19-05,48,2019,5,10,5/10/2019 4:28
DY19-05 49 2 60BON 1,DY19-05,49,2019,5,11,5/11/2019 5:48
DY19-05 50 1 60BON 1,DY19-05,50,2019,5,11,5/11/2019 6:56
DY19-05 51 2 60BON 1,DY19-05,51,2019,5,11,5/11/2019 8:29
DY19-05 52 1 60BON 1,DY19-05,52,2019,5,11,5/11/2019 10:10
DY19-05 53 2 60BON 1,DY19-05,53,2019,5,11,5/11/2019 11:53
DY19-05 54 2 60BON 1,DY19-05,54,2019,5,11,5/11/2019 13:28
DY19-05 55 2 60BON 1,DY19-05,55,2019,5,11,5/11/2019 15:24
DY19-05 56 1 60BON 1,DY19-05,56,2019,5,11,5/11/2019 17:08
DY19-05 57 1 60BON 1,DY19-05,57,2019,5,11,5/11/2019 18:44
DY19-05 58 1 60BON 1,DY19-05,58,2019,5,11,5/11/2019 20:00
DY19-05 59 1 60BON 1,DY19-05,59,2019,5,11,5/11/2019 21:42
DY19-05 60 1 60BON 1,DY19-05,60,2019,5,11,5/11/2019 23:01
DY19-05 61 1 60BON 1,DY19-05,61,2019,5,12,5/12/2019 0:20
DY19-05 62 1 60BON 1,DY19-05,62,2019,5,12,5/12/2019 1:49
DY19-05 63 1 60BON 1,DY19-05,63,2019,5,12,5/12/2019 3:04
DY19-05 64 1 60BON 1,DY19-05,64,2019,5,12,5/12/2019 4:20
DY19-05 65 1 60BON 1,DY19-05,65,2019,5,12,5/12/2019 5:53
DY19-05 66 1 60BON 1,DY19-05,66,2019,5,12,5/12/2019 6:58
DY19-05 67 1 60BON 1,DY19-05,67,2019,5,12,5/12/2019 8:10
DY19-05 68 1 60BON 1,DY19-05,68,2019,5,12,5/12/2019 9:19
DY19-05 69 1 60BON 1,DY19-05,69,2019,5,12,5/12/2019 10:30
DY19-05 70 1 60BON 1,DY19-05,70,2019,5,12,5/12/2019 11:40
DY19-05 71 1 60BON 1,DY19-05,71,2019,5,12,5/12/2019 12:56
DY19-05 72 1 60BON 1,DY19-05,72,2019,5,12,5/12/2019 14:15
DY19-05 73 1 60BON 1,DY19-05,73,2019,5,12,5/12/2019 15:44
DY19-05 74 1 60BON 1,DY19-05,74,2019,5,12,5/12/2019 17:09
DY19-05 75 1 60BON 1,DY19-05,75,2019,5,12,5/12/2019 18:34
DY19-05 76 1 60BON 1,DY19-05,76,2019,5,12,5/12/2019 20:18
DY19-05 77 1 60BON 1,DY19-05,77,2019,5,12,5/12/2019 22:06
DY19-05 78 1 60BON 1,DY19-05,78,2019,5,12,5/12/2019 23:27
DY19-05 79 1 60BON 1,DY19-05,79,2019,5,13,5/13/2019 0:41
DY19-05 80 1 60BON 1,DY19-05,80,2019,5,13,5/13/2019 1:55
DY19-05 81 1 60BON 1,DY19-05,81,2019,5,13,5/13/2019 3:35
DY19-05 82 1 60BON 1,DY19-05,82,2019,5,13,5/13/2019 4:38
DY19-05 83 1 60BON 1,DY19-05,83,2019,5,13,5/13/2019 5:42
DY19-05 84 1 60BON 1,DY19-05,84,2019,5,13,5/13/2019 6:45
DY19-05 85 1 60BON 1,DY19-05,85,2019,5,13,5/13/2019 7:51
DY19-05 86 1 60BON 1,DY19-05,86,2019,5,13,5/13/2019 8:58
DY19-05 87 1 60BON 1,DY19-05,87,2019,5,13,5/13/2019 10:03
DY19-05 88 1 60BON 1,DY19-05,88,2019,5,13,5/13/2019 11:09
DY19-05 89 1 60BON 1,DY19-05,89,2019,5,13,5/13/2019 12:35
DY19-05 90 1 60BON 1,DY19-05,90,2019,5,13,5/13/2019 13:59
DY19-05 91 1 60BON 1,DY19-05,91,2019,5,13,5/13/2019 15:29
DY19-05 92 1 60BON 1,DY19-05,92,2019,5,13,5/13/2019 16:50
DY19-05 93 1 60BON 1,DY19-05,93,2019,5,13,5/13/2019 18:13
DY19-05 94 1 60BON 1,DY19-05,94,2019,5,13,5/13/2019 19:25
DY19-05 95 2 60BON 1,DY19-05,95,2019,5,13,5/13/2019 21:47
DY19-05 96 1 60BON 1,DY19-05,96,2019,5,13,5/13/2019 23:15
DY19-05 97 1 60BON 1,DY19-05,97,2019,5,14,5/14/2019 0:48
DY19-05 98 1 60BON 1,DY19-05,98,2019,5,14,5/14/2019 1:51
DY19-05 99 1 60BON 1,DY19-05,99,2019,5,14,5/14/2019 2:54
DY19-05 100 1 60BON 1,DY19-05,100,2019,5,14,5/14/2019 5:17
DY19-05 101 1 60BON 1,DY19-05,101,2019,5,14,5/14/2019 6:23
DY19-05 102 1 60BON 1,DY19-05,102,2019,5,14,5/14/2019 7:30
DY19-05 103 1 60BON 1,DY19-05,103,2019,5,14,5/14/2019 8:38
DY19-05 104 1 60BON 1,DY19-05,104,2019,5,14,5/14/2019 9:51
DY19-05 105 1 60BON 1,DY19-05,105,2019,5,14,5/14/2019 11:22
DY19-05 106 1 60BON 1,DY19-05,106,2019,5,14,5/14/2019 12:28
DY19-05 107 1 60BON 1,DY19-05,107,2019,5,14,5/14/2019 13:40
DY19-05 108 1 60BON 1,DY19-05,108,2019,5,14,5/14/2019 14:55
DY19-05 109 1 60BON 1,DY19-05,109,2019,5,14,5/14/2019 16:03
DY19-05 110 1 60BON 1,DY19-05,110,2019,5,14,5/14/2019 17:11
DY19-05 111 1 60BON 1,DY19-05,111,2019,5,14,5/14/2019 18:50
DY19-05 112 1 60BON 1,DY19-05,112,2019,5,14,5/14/2019 20:26
DY19-05 113 1 60BON 1,DY19-05,113,2019,5,14,5/14/2019 21:36
DY19-05 114 1 60BON 1,DY19-05,114,2019,5,14,5/14/2019 23:04
DY19-05 115 1 60BON 1,DY19-05,115,2019,5,15,5/15/2019 0:14
DY19-05 116 1 60BON 1,DY19-05,116,2019,5,15,5/15/2019 1:38
DY19-05 117 2 60BON 1,DY19-05,117,2019,5,15,5/15/2019 3:18
DY19-05 118 2 60BON 1,DY19-05,118,2019,5,15,5/15/2019 10:54
DY19-05 119 2 60BON 1,DY19-05,119,2019,5,15,5/15/2019 13:05
DY19-05 120 2 60BON 1,DY19-05,120,2019,5,15,5/15/2019 14:49
DY19-05 121 2 60BON 1,DY19-05,121,2019,5,15,5/15/2019 16:48
DY19-05 122 2 60BON 1,DY19-05,122,2019,5,15,5/15/2019 18:23
DY19-05 123 1 60BON 1,DY19-05,123,2019,5,15,5/15/2019 20:24
DY19-05 124 1 60BON 1,DY19-05,124,2019,5,15,5/15/2019 21:21
DY19-05 125 1 60BON 1,DY19-05,125,2019,5,15,5/15/2019 22:39
DY19-05 126 1 60BON 1,DY19-05,126,2019,5,15,5/15/2019 23:54
DY19-05 127 1 60BON 1,DY19-05,127,2019,5,16,5/16/2019 0:58
DY19-05 128 1 60BON 1,DY19-05,128,2019,5,16,5/16/2019 2:01
DY19-05 129 1 60BON 1,DY19-05,129,2019,5,16,5/16/2019 3:22
DY19-05 130 1 60BON 1,DY19-05,130,2019,5,16,5/16/2019 4:18
DY19-05 131 1 60BON 1,DY19-05,131,2019,5,16,5/16/2019 5:30
DY19-05 132 1 60BON 1,DY19-05,132,2019,5,16,5/16/2019 6:55
DY19-05 133 1 60BON 1,DY19-05,133,2019,5,16,5/16/2019 8:07
DY19-05 134 1 60BON 1,DY19-05,134,2019,5,16,5/16/2019 9:46
DY19-05 135 1 60BON 1,DY19-05,135,2019,5,16,5/16/2019 10:57
DY19-05 136 1 60BON 1,DY19-05,136,2019,5,16,5/16/2019 12:50
DY19-05 137 1 60BON 1,DY19-05,137,2019,5,16,5/16/2019 13:57
DY19-05 138 1 60BON 1,DY19-05,138,2019,5,16,5/16/2019 15:36
DY19-05 139 1 60BON 1,DY19-05,139,2019,5,16,5/16/2019 16:46
DY19-05 140 1 60BON 1,DY19-05,140,2019,5,16,5/16/2019 18:13
DY19-05 141 1 60BON 1,DY19-05,141,2019,5,16,5/16/2019 19:14
DY19-05 142 1 60BON 1,DY19-05,142,2019,5,16,5/16/2019 20:27
DY19-05 143 1 60BON 1,DY19-05,143,2019,5,16,5/16/2019 21:41
DY19-05 144 1 60BON 1,DY19-05,144,2019,5,16,5/16/2019 22:50
DY19-05 145 1 60BON 1,DY19-05,145,2019,5,16,5/16/2019 23:55
DY19-05 146 1 60BON 1,DY19-05,146,2019,5,17,5/17/2019 1:13
DY19-05 147 1 60BON 1,DY19-05,147,2019,5,17,5/17/2019 2:23
DY19-05 148 1 60BON 1,DY19-05,148,2019,5,17,5/17/2019 3:41
DY19-05 149 1 60BON 1,DY19-05,149,2019,5,17,5/17/2019 4:57
DY19-05 150 1 60BON 1,DY19-05,150,2019,5,17,5/17/2019 6:10
DY19-05 151 1 60BON 1,DY19-05,151,2019,5,17,5/17/2019 7:57
DY19-05 152 1 60BON 1,DY19-05,152,2019,5,17,5/17/2019 9:02
DY19-05 153 1 60BON 1,DY19-05,153,2019,5,17,5/17/2019 10:09
DY19-05 154 1 60BON 1,DY19-05,154,2019,5,17,5/17/2019 11:13
DY19-05 155 1 60BON 1,DY19-05,155,2019,5,17,5/17/2019 12:28
DY19-05 156 1 60BON 1,DY19-05,156,2019,5,17,5/17/2019 13:42
DY19-05 157 1 60BON 1,DY19-05,157,2019,5,17,5/17/2019 14:53
DY19-05 158 2 60BON 2,DY19-05,158,2019,5,17,5/17/2019 17:44
DY19-05 158 2 60BON 1,DY19-05,158,2019,5,17,5/17/2019 17:44
DY19-05 159 2 60BON 2,DY19-05,159,2019,5,17,5/17/2019 20:16
DY19-05 159 2 60BON 1,DY19-05,159,2019,5,17,5/17/2019 20:16
DY19-05 160 3 60BON 1,DY19-05,160,2019,5,18,5/18/2019 0:43
DY19-05 160 3 60BON 2,DY19-05,160,2019,5,18,5/18/2019 0:43
DY19-05 161 2 60BON 1,DY19-05,161,2019,5,18,5/18/2019 3:54
DY19-05 161 2 60BON 2,DY19-05,161,2019,5,18,5/18/2019 3:54
DY19-05 162 2 60BON 1,DY19-05,162,2019,5,18,5/18/2019 6:04
DY19-05 162 2 60BON 2,DY19-05,162,2019,5,18,5/18/2019 6:04
DY19-05 163 2 60BON 1,DY19-05,163,2019,5,18,5/18/2019 8:06
DY19-05 163 2 60BON 2,DY19-05,163,2019,5,18,5/18/2019 8:06
DY19-05 164 1 60BON 1,DY19-05,164,2019,5,18,5/18/2019 9:52
DY19-05 165 1 60BON 1,DY19-05,165,2019,5,18,5/18/2019 11:08
DY19-05 166 1 60BON 1,DY19-05,166,2019,5,18,5/18/2019 12:26
DY19-05 167 1 60BON 1,DY19-05,167,2019,5,18,5/18/2019 13:40
DY19-05 168 1 60BON 1,DY19-05,168,2019,5,18,5/18/2019 14:54
DY19-05 169 1 60BON 1,DY19-05,169,2019,5,18,5/18/2019 16:05
DY19-05 170 1 60BON 1,DY19-05,170,2019,5,18,5/18/2019 17:12
DY19-05 171 1 60BON 1,DY19-05,171,2019,5,18,5/18/2019 18:18
DY19-05 172 1 60BON 1,DY19-05,172,2019,5,18,5/18/2019 19:23
DY19-05 173 1 60BON 1,DY19-05,173,2019,5,18,5/18/2019 20:53
DY19-05 174 1 60BON 1,DY19-05,174,2019,5,18,5/18/2019 22:09
DY19-05 175 1 60BON 1,DY19-05,175,2019,5,18,5/18/2019 23:11
DY19-05 176 1 60BON 1,DY19-05,176,2019,5,19,5/19/2019 0:25
DY19-05 177 1 60BON 1,DY19-05,177,2019,5,19,5/19/2019 1:53
DY19-05 178 1 60BON 1,DY19-05,178,2019,5,19,5/19/2019 3:09
DY19-05 179 1 60BON 1,DY19-05,179,2019,5,19,5/19/2019 4:28
DY19-05 180 1 60BON 1,DY19-05,180,2019,5,19,5/19/2019 5:34
DY19-05 181 1 60BON 1,DY19-05,181,2019,5,19,5/19/2019 6:32
DY19-05 182 1 60BON 1,DY19-05,182,2019,5,19,5/19/2019 7:42
DY19-05 183 1 60BON 1,DY19-05,183,2019,5,19,5/19/2019 20:34
DY19-05 184 1 60BON 1,DY19-05,184,2019,5,19,5/19/2019 22:16
DY19-05 185 1 60BON 1,DY19-05,185,2019,5,19,5/19/2019 23:52
DY19-05 186 1 60BON 1,DY19-05,186,2019,5,20,5/20/2019 1:44
DY19-05 187 1 60BON 1,DY19-05,187,2019,5,20,5/20/2019 2:51
DY19-05 188 1 60BON 1,DY19-05,188,2019,5,20,5/20/2019 4:02
DY19-05 189 1 60BON 1,DY19-05,189,2019,5,20,5/20/2019 5:08
DY19-05 190 1 60BON 1,DY19-05,190,2019,5,20,5/20/2019 6:18
DY19-05 191 1 60BON 1,DY19-05,191,2019,5,20,5/20/2019 7:25
DY19-05 192 1 60BON 1,DY19-05,192,2019,5,20,5/20/2019 8:43
DY19-05 193 1 60BON 1,DY19-05,193,2019,5,20,5/20/2019 10:03
DY19-05 194 1 60BON 1,DY19-05,194,2019,5,20,5/20/2019 11:35
DY19-05 195 1 60BON 1,DY19-05,195,2019,5,20,5/20/2019 13:23
DY19-05 196 1 60BON 1,DY19-05,196,2019,5,20,5/20/2019 14:57
DY19-05 197 1 60BON 1,DY19-05,197,2019,5,20,5/20/2019 16:03
DY19-05 198 1 60BON 1,DY19-05,198,2019,5,20,5/20/2019 17:16
DY19-05 199 1 60BON 1,DY19-05,199,2019,5,20,5/20/2019 18:29
DY19-05 200 1 60BON 1,DY19-05,200,2019,5,20,5/20/2019 19:47
DY19-05 201 1 60BON 1,DY19-05,201,2019,5,20,5/20/2019 21:32
DY19-05 202 1 60BON 1,DY19-05,202,2019,5,20,5/20/2019 22:42
DY19-05 203 1 60BON 1,DY19-05,203,2019,5,20,5/20/2019 23:48
DY19-05 204 1 60BON 1,DY19-05,204,2019,5,21,5/21/2019 1:04
DY19-05 205 1 60BON 1,DY19-05,205,2019,5,21,5/21/2019 2:36
DY19-05 206 1 60BON 1,DY19-05,206,2019,5,21,5/21/2019 3:49
DY19-05 207 1 60BON 1,DY19-05,207,2019,5,21,5/21/2019 5:13
DY19-05 208 1 60BON 1,DY19-05,208,2019,5,21,5/21/2019 6:25
DY19-05 209 1 60BON 1,DY19-05,209,2019,5,21,5/21/2019 7:26
DY19-05 210 1 60BON 1,DY19-05,210,2019,5,21,5/21/2019 8:32
DY19-05 211 1 60BON 1,DY19-05,211,2019,5,21,5/21/2019 10:01
DY19-05 212 1 60BON 1,DY19-05,212,2019,5,21,5/21/2019 11:37
DY19-05 213 1 60BON 1,DY19-05,213,2019,5,21,5/21/2019 13:05
DY19-05 214 1 60BON 1,DY19-05,214,2019,5,21,5/21/2019 14:59
DY19-05 215 1 60BON 1,DY19-05,215,2019,5,21,5/21/2019 16:16
DY19-05 216 1 60BON 1,DY19-05,216,2019,5,21,5/21/2019 17:28
DY19-05 217 1 60BON 1,DY19-05,217,2019,5,21,5/21/2019 18:42
DY19-05 218 1 60BON 1,DY19-05,218,2019,5,21,5/21/2019 19:55
DY19-05 219 1 60BON 1,DY19-05,219,2019,5,21,5/21/2019 21:02
DY19-05 220 2 60BON 1,DY19-05,220,2019,5,21,5/21/2019 22:30
DY19-05 221 1 60BON 1,DY19-05,221,2019,5,21,5/21/2019 23:40
DY19-05 222 1 60BON 1,DY19-05,222,2019,5,22,5/22/2019 0:54
DY19-05 223 1 60BON 1,DY19-05,223,2019,5,22,5/22/2019 2:04
DY19-05 224 1 60BON 1,DY19-05,224,2019,5,22,5/22/2019 3:14
DY19-05 225 1 60BON 1,DY19-05,225,2019,5,22,5/22/2019 4:22
DY19-05 226 1 60BON 1,DY19-05,226,2019,5,22,5/22/2019 5:30
DY19-05 227 1 60BON 1,DY19-05,227,2019,5,22,5/22/2019 6:31
DY19-05 228 1 60BON 1,DY19-05,228,2019,5,22,5/22/2019 7:35
DY19-05 229 1 60BON 1,DY19-05,229,2019,5,22,5/22/2019 8:50
DY19-05 230 1 60BON 1,DY19-05,230,2019,5,22,5/22/2019 10:03
DY19-05 231 1 60BON 1,DY19-05,231,2019,5,22,5/22/2019 11:07
DY19-05 232 1 60BON 1,DY19-05,232,2019,5,22,5/22/2019 12:51
