Unique.ID,sl_micron,mean_age,Cruise,DAY,MONTH,YEAR,HAUL_ID,HAUL_NAME,capdate,hatch.date,hatch.date.noYear,hdate,measured_sl_micron,station
202,7611.2391,31,DY19-05,6,5,2019,DY19-05 1 2 60BON 1,2,5/6/2019,4/5/2019,5-Apr,95,6783,1
25,6166.4608,8.33,DY15-05,16,5,2015,DY15-05 3 1 60BON 1,1,5/16/2015,5/7/2015,7-May,127,5404,3
164,6326.7589,13.5,4DY09,28,5,2009,4DY09 3 1 60BON 1,1,5/28/2009,5/14/2009,14-May,134,5557,3
111,6863.1813,13,3DY10,23,5,2010,3DY10 3 1 60BON 1,1,5/23/2010,5/10/2010,10-May,130,6069,3
163,7503.326,12.67,4DY09,28,5,2009,4DY09 3 1 60BON 1,1,5/28/2009,5/15/2009,15-May,135,6680,3
162,9603.9645,20.67,4DY09,28,5,2009,4DY09 3 1 60BON 1,1,5/28/2009,5/7/2009,7-May,127,8685,3
90,6186.3671,10.5,DY13-06,17,5,2013,DY13-06 4 1 60BON 1,1,5/17/2013,5/6/2013,6-May,126,5423,4
89,6926.0433,12,DY13-06,17,5,2013,DY13-06 4 1 60BON 1,1,5/17/2013,5/5/2013,5-May,125,6129,4
92,7301.1199,15.5,DY13-06,17,5,2013,DY13-06 4 1 60BON 1,1,5/17/2013,5/1/2013,1-May,121,6487,4
91,7466.6565,18.5,DY13-06,17,5,2013,DY13-06 4 1 60BON 1,1,5/17/2013,4/28/2013,28-Apr,118,6645,4
8,9483.479,27,4MF06,22,5,2006,4MF06 4 1 60BON 1,1,5/22/2006,4/25/2006,25-Apr,115,8570,4
93,9580.9151,24.67,DY13-06,17,5,2013,DY13-06 4 1 60BON 1,1,5/17/2013,4/22/2013,22-Apr,112,8663,4
7,10418.0274,20,4MF06,22,5,2006,4MF06 4 1 60BON 1,1,5/22/2006,5/2/2006,2-May,122,9462,4
214,7489.7059,14,DY19-05,6,5,2019,DY19-05 5 1 60BON 1,1,5/6/2019,4/22/2019,22-Apr,112,6667,5
215,7732.7723,19,DY19-05,6,5,2019,DY19-05 5 1 60BON 1,1,5/6/2019,4/17/2019,17-Apr,107,6899,5
13,9073.8283,21.5,4MF06,22,5,2006,4MF06 5 1 60BON 1,1,5/22/2006,4/30/2006,30-Apr,120,8179,5
213,9186.9799,27.5,DY19-05,6,5,2019,DY19-05 5 1 60BON 1,1,5/6/2019,4/8/2019,8-Apr,98,8287,5
10,9716.0684,23,4MF06,22,5,2006,4MF06 5 1 60BON 1,1,5/22/2006,4/29/2006,29-Apr,119,8792,5
14,10316.4005,29,4MF06,22,5,2006,4MF06 5 1 60BON 1,1,5/22/2006,4/23/2006,23-Apr,113,9365,5
11,10994.2624,34.67,4MF06,22,5,2006,4MF06 5 1 60BON 1,1,5/22/2006,4/17/2006,17-Apr,107,10012,5
12,11237.3288,33,4MF06,22,5,2006,4MF06 5 1 60BON 1,1,5/22/2006,4/19/2006,19-Apr,109,10244,5
168,4900.8392,12,4DY09,28,5,2009,4DY09 6 1 60BON 1,1,5/28/2009,5/16/2009,16-May,136,4196,6
169,6004.0673,12.33,4DY09,28,5,2009,4DY09 6 1 60BON 1,1,5/28/2009,5/15/2009,15-May,135,5249,6
204,7439.4163,17.5,DY19-05,6,5,2019,DY19-05 6 1 60BON 1,1,5/6/2019,4/18/2019,18-Apr,108,6619,6
166,7609.1437,13.5,4DY09,28,5,2009,4DY09 6 1 60BON 1,1,5/28/2009,5/14/2009,14-May,134,6781,6
167,8715.5149,24.33,4DY09,28,5,2009,4DY09 6 1 60BON 1,1,5/28/2009,5/3/2009,3-May,123,7837,6
113,8733.3258,16,3DY10,23,5,2010,3DY10 6 1 60BON 1,1,5/23/2010,5/7/2010,7-May,127,7854,6
165,8858.0021,18.33,4DY09,28,5,2009,4DY09 6 1 60BON 1,1,5/28/2009,5/9/2009,9-May,129,7973,6
203,9457.2865,31.5,DY19-05,6,5,2019,DY19-05 6 1 60BON 1,1,5/6/2019,4/4/2019,4-Apr,94,8545,6
114,9575.6766,18.67,3DY10,23,5,2010,3DY10 6 1 60BON 1,1,5/23/2010,5/4/2010,4-May,124,8658,6
115,9659.4926,21.33,3DY10,23,5,2010,3DY10 6 1 60BON 1,1,5/23/2010,5/1/2010,1-May,121,8738,6
112,10027.2353,19.67,3DY10,23,5,2010,3DY10 6 1 60BON 1,1,5/23/2010,5/3/2010,3-May,123,9089,6
205,14596.255,47,DY19-05,7,5,2019,DY19-05 10 1 60BON 1,1,5/7/2019,3/21/2019,21-Mar,80,13450,10
55,10238.8707,22,4MF06,23,5,2006,4MF06 13 1 60BON 1,1,5/23/2006,5/1/2006,1-May,121,9291,13
56,10850.7275,30,4MF06,23,5,2006,4MF06 13 1 60BON 1,1,5/23/2006,4/23/2006,23-Apr,113,9875,13
57,12815.165,35.33,4MF06,23,5,2006,4MF06 13 1 60BON 1,1,5/23/2006,4/17/2006,17-Apr,107,11750,13
53,13233.1973,39,4MF06,23,5,2006,4MF06 13 1 60BON 1,1,5/23/2006,4/14/2006,14-Apr,104,12149,13
54,13969.7304,42.67,4MF06,23,5,2006,4MF06 13 1 60BON 1,1,5/23/2006,4/10/2006,10-Apr,100,12852,13
31,6428.3858,14.5,4MF06,23,5,2006,4MF06 14 1 60BON 1,1,5/23/2006,5/8/2006,8-May,128,5654,14
35,8587.6955,19,4MF06,23,5,2006,4MF06 14 1 60BON 1,1,5/23/2006,5/4/2006,4-May,124,7715,14
32,8663.1299,25.5,4MF06,23,5,2006,4MF06 14 1 60BON 1,1,5/23/2006,4/27/2006,27-Apr,117,7787,14
34,15066.6723,41.5,4MF06,23,5,2006,4MF06 14 1 60BON 1,1,5/23/2006,4/11/2006,11-Apr,101,13899,14
33,15872.3536,49,4MF06,23,5,2006,4MF06 14 1 60BON 1,1,5/23/2006,4/4/2006,4-Apr,94,14668,14
6,8790.9493,19,4MF06,23,5,2006,4MF06 15 1 60BON 1,1,5/23/2006,5/4/2006,4-May,124,7909,15
2,10058.6663,33,4MF06,23,5,2006,4MF06 15 1 60BON 1,1,5/23/2006,4/20/2006,20-Apr,110,9119,15
5,10060.7617,27.67,4MF06,23,5,2006,4MF06 15 1 60BON 1,1,5/23/2006,4/25/2006,25-Apr,115,9121,15
4,10231.5368,27,4MF06,23,5,2006,4MF06 15 1 60BON 1,1,5/23/2006,4/26/2006,26-Apr,116,9284,15
1,11880.6166,45.67,4MF06,23,5,2006,4MF06 15 1 60BON 1,1,5/23/2006,4/7/2006,7-Apr,97,10858,15
3,12270.361,36.33,4MF06,23,5,2006,4MF06 15 1 60BON 1,1,5/23/2006,4/16/2006,16-Apr,106,11230,15
84,7190.0637,11,DY13-06,18,5,2013,DY13-06 26 1 60BON 1,1,5/18/2013,5/7/2013,7-May,127,6381,26
86,8158.1385,12.5,DY13-06,18,5,2013,DY13-06 26 1 60BON 1,1,5/18/2013,5/5/2013,5-May,125,7305,26
87,8772.0907,21,DY13-06,18,5,2013,DY13-06 26 1 60BON 1,1,5/18/2013,4/27/2013,27-Apr,117,7891,26
85,9523.2916,17,DY13-06,18,5,2013,DY13-06 26 1 60BON 1,1,5/18/2013,5/1/2013,1-May,121,8608,26
88,10951.3067,31.5,DY13-06,18,5,2013,DY13-06 26 1 60BON 1,1,5/18/2013,4/16/2013,16-Apr,106,9971,26
172,8603.411,17,DY17-05,14,5,2017,DY17-05 28 1 60BON 1,1,5/14/2017,4/27/2017,27-Apr,117,7730,28
173,8925.0549,20.5,DY17-05,14,5,2017,DY17-05 28 1 60BON 1,1,5/14/2017,4/23/2017,23-Apr,113,8037,28
174,8934.4842,17.67,DY17-05,14,5,2017,DY17-05 28 1 60BON 1,1,5/14/2017,4/26/2017,26-Apr,116,8046,28
170,9698.2575,25,DY17-05,14,5,2017,DY17-05 28 1 60BON 1,1,5/14/2017,4/19/2017,19-Apr,109,8775,28
171,10246.2046,30,DY17-05,14,5,2017,DY17-05 28 1 60BON 1,1,5/14/2017,4/14/2017,14-Apr,104,9298,28
155,7158.6327,14.5,4DY09,29,5,2009,4DY09 29 1 60BON 1,1,5/29/2009,5/14/2009,14-May,134,6351,29
153,7637.4316,11.67,4DY09,29,5,2009,4DY09 29 1 60BON 1,1,5/29/2009,5/17/2009,17-May,137,6808,29
156,7647.9086,8,4DY09,29,5,2009,4DY09 29 1 60BON 1,1,5/29/2009,5/21/2009,21-May,141,6818,29
154,7792.4912,17.5,4DY09,29,5,2009,4DY09 29 1 60BON 1,1,5/29/2009,5/11/2009,11-May,131,6956,29
83,4888.2668,9.5,DY13-06,19,5,2013,DY13-06 30 2 60BON 1,2,5/19/2013,5/9/2013,9-May,129,4184,30
80,4972.0828,9.5,DY13-06,19,5,2013,DY13-06 30 2 60BON 1,2,5/19/2013,5/9/2013,9-May,129,4264,30
79,5188.9567,12.5,DY13-06,19,5,2013,DY13-06 30 2 60BON 1,2,5/19/2013,5/6/2013,6-May,126,4471,30
81,5642.6108,11.5,DY13-06,19,5,2013,DY13-06 30 2 60BON 1,2,5/19/2013,5/7/2013,7-May,127,4904,30
82,5690.805,11,DY13-06,19,5,2013,DY13-06 30 2 60BON 1,2,5/19/2013,5/8/2013,8-May,128,4950,30
175,10866.443,36.33,DY17-05,14,5,2017,DY17-05 31 1 60BON 1,1,5/14/2017,4/7/2017,7-Apr,97,9890,31
178,8840.1912,25,DY17-05,14,5,2017,DY17-05 32 1 60BON 1,1,5/14/2017,4/19/2017,19-Apr,109,7956,32
180,8942.8658,27.67,DY17-05,14,5,2017,DY17-05 32 1 60BON 1,1,5/14/2017,4/16/2017,16-Apr,106,8054,32
176,9263.462,36.67,DY17-05,14,5,2017,DY17-05 32 1 60BON 1,1,5/14/2017,4/7/2017,7-Apr,97,8360,32
177,9982.1842,37,DY17-05,14,5,2017,DY17-05 32 1 60BON 1,1,5/14/2017,4/7/2017,7-Apr,97,9046,32
179,11042.4566,31.33,DY17-05,14,5,2017,DY17-05 32 1 60BON 1,1,5/14/2017,4/12/2017,12-Apr,102,10058,32
160,7490.7536,15,4DY09,30,5,2009,4DY09 39 1 60BON 1,1,5/30/2009,5/15/2009,15-May,135,6668,39
161,8146.6138,11,4DY09,30,5,2009,4DY09 39 1 60BON 1,1,5/30/2009,5/19/2009,19-May,139,7294,39
159,8578.2662,16.5,4DY09,30,5,2009,4DY09 39 1 60BON 1,1,5/30/2009,5/13/2009,13-May,133,7706,39
158,8722.8488,20.33,4DY09,30,5,2009,4DY09 39 1 60BON 1,1,5/30/2009,5/9/2009,9-May,129,7844,39
157,10121.5283,26,4DY09,30,5,2009,4DY09 39 1 60BON 1,1,5/30/2009,5/4/2009,4-May,124,9179,39
74,6290.0894,11,DY13-06,19,5,2013,DY13-06 40 1 60BON 1,1,5/19/2013,5/8/2013,8-May,128,5522,40
76,6744.7912,14.67,DY13-06,19,5,2013,DY13-06 40 1 60BON 1,1,5/19/2013,5/4/2013,4-May,124,5956,40
78,7098.9138,13.5,DY13-06,19,5,2013,DY13-06 40 1 60BON 1,1,5/19/2013,5/5/2013,5-May,125,6294,40
75,8500.7364,17.33,DY13-06,19,5,2013,DY13-06 40 1 60BON 1,1,5/19/2013,5/1/2013,1-May,121,7632,40
77,9565.1996,30.33,DY13-06,19,5,2013,DY13-06 40 1 60BON 1,1,5/19/2013,4/18/2013,18-Apr,108,8648,40
150,6000.9242,11.33,4DY09,30,5,2009,4DY09 46 1 60BON 1,1,5/30/2009,5/18/2009,18-May,138,5246,46
148,6640.0212,9,4DY09,30,5,2009,4DY09 46 1 60BON 1,1,5/30/2009,5/21/2009,21-May,141,5856,46
152,7557.8064,13,4DY09,30,5,2009,4DY09 46 1 60BON 1,1,5/30/2009,5/17/2009,17-May,137,6732,46
151,8864.2883,14,4DY09,30,5,2009,4DY09 46 1 60BON 1,1,5/30/2009,5/16/2009,16-May,136,7979,46
149,9292.7976,15,4DY09,30,5,2009,4DY09 46 1 60BON 1,1,5/30/2009,5/15/2009,15-May,135,8388,46
146,7074.8167,10.5,4DY09,30,5,2009,4DY09 47 1 60BON 1,1,5/30/2009,5/19/2009,19-May,139,6271,47
147,8701.8948,15.67,4DY09,30,5,2009,4DY09 47 1 60BON 1,1,5/30/2009,5/14/2009,14-May,134,7824,47
181,10257.7293,36.33,DY17-05,15,5,2017,DY17-05 48 1 60BON 1,1,5/15/2017,4/8/2017,8-Apr,98,9309,48
182,10717.6696,42.67,DY17-05,15,5,2017,DY17-05 48 1 60BON 1,1,5/15/2017,4/2/2017,2-Apr,92,9748,48
142,6368.6669,9.5,4DY09,30,5,2009,4DY09 49 1 60BON 1,1,5/30/2009,5/20/2009,20-May,140,5597,49
144,6544.6805,12.5,4DY09,30,5,2009,4DY09 49 1 60BON 1,1,5/30/2009,5/17/2009,17-May,137,5765,49
143,7008.8116,12,4DY09,30,5,2009,4DY09 49 1 60BON 1,1,5/30/2009,5/18/2009,18-May,138,6208,49
141,8051.2731,12,4DY09,30,5,2009,4DY09 49 1 60BON 1,1,5/30/2009,5/18/2009,18-May,138,7203,49
145,8382.3463,15.67,4DY09,30,5,2009,4DY09 49 1 60BON 1,1,5/30/2009,5/14/2009,14-May,134,7519,49
69,6303.7095,9.5,DY13-06,20,5,2013,DY13-06 51 1 60BON 1,1,5/20/2013,5/10/2013,10-May,130,5535,51
70,8399.1095,16.5,DY13-06,20,5,2013,DY13-06 51 1 60BON 1,1,5/20/2013,5/3/2013,3-May,123,7535,51
71,8668.3684,13.5,DY13-06,20,5,2013,DY13-06 51 1 60BON 1,1,5/20/2013,5/6/2013,6-May,126,7792,51
72,9448.9049,28,DY13-06,20,5,2013,DY13-06 51 1 60BON 1,1,5/20/2013,4/22/2013,22-Apr,112,8537,51
73,9720.2592,22.5,DY13-06,20,5,2013,DY13-06 51 1 60BON 1,1,5/20/2013,4/27/2013,27-Apr,117,8796,51
186,9627.0139,28.33,DY17-05,17,5,2017,DY17-05 52 1 60BON 1,1,5/17/2017,4/18/2017,18-Apr,108,8707,52
185,10399.1688,35,DY17-05,17,5,2017,DY17-05 52 1 60BON 1,1,5/17/2017,4/12/2017,12-Apr,102,9444,52
184,10871.6815,31.33,DY17-05,17,5,2017,DY17-05 52 1 60BON 1,1,5/17/2017,4/15/2017,15-Apr,105,9895,52
187,11391.3407,38,DY17-05,17,5,2017,DY17-05 52 1 60BON 1,1,5/17/2017,4/9/2017,9-Apr,99,10391,52
183,12132.0646,37.33,DY17-05,17,5,2017,DY17-05 52 1 60BON 1,1,5/17/2017,4/9/2017,9-Apr,99,11098,52
140,7937.0738,13,4DY09,31,5,2009,4DY09 54 1 60BON 1,1,5/31/2009,5/18/2009,18-May,138,7094,54
189,8394.9187,28.67,DY17-05,17,5,2017,DY17-05 54 1 60BON 1,1,5/17/2017,4/18/2017,18-Apr,108,7531,54
191,9663.6834,25.33,DY17-05,17,5,2017,DY17-05 54 1 60BON 1,1,5/17/2017,4/21/2017,21-Apr,111,8742,54
190,10183.3426,39,DY17-05,17,5,2017,DY17-05 54 1 60BON 1,1,5/17/2017,4/8/2017,8-Apr,98,9238,54
188,10294.3988,32.33,DY17-05,17,5,2017,DY17-05 54 1 60BON 1,1,5/17/2017,4/14/2017,14-Apr,104,9344,54
139,10401.2642,26.33,4DY09,31,5,2009,4DY09 54 1 60BON 1,1,5/31/2009,5/4/2009,4-May,124,9446,54
66,7733.82,12.5,DY13-06,21,5,2013,DY13-06 56 1 60BON 1,1,5/21/2013,5/8/2013,8-May,128,6900,56
65,7473.9904,14,DY13-06,21,5,2013,DY13-06 56 1 60BON 1,1,5/21/2013,5/7/2013,7-May,127,6652,56
64,9178.5983,29.33,DY13-06,21,5,2013,DY13-06 56 1 60BON 1,1,5/21/2013,4/21/2013,21-Apr,111,8279,56
68,10016.7583,26,DY13-06,21,5,2013,DY13-06 56 1 60BON 1,1,5/21/2013,4/25/2013,25-Apr,115,9079,56
67,12158.2571,45.5,DY13-06,21,5,2013,DY13-06 56 1 60BON 1,1,5/21/2013,4/5/2013,5-Apr,95,11123,56
60,12528.0952,33,4DY08,27,5,2008,4DY08 58 1 60BON 1,1,5/27/2008,4/24/2008,24-Apr,115,11476,58
110,12686.2979,30,3DY10,26,5,2010,3DY10 60 1 60BON 1,1,5/26/2010,4/26/2010,26-Apr,116,11627,60
137,7822.8745,10.33,4DY09,31,5,2009,4DY09 62 1 60BON 1,1,5/31/2009,5/20/2009,20-May,140,6985,62
136,8090.038,14.33,4DY09,31,5,2009,4DY09 62 1 60BON 1,1,5/31/2009,5/16/2009,16-May,136,7240,62
138,8453.5899,18.5,4DY09,31,5,2009,4DY09 62 1 60BON 1,1,5/31/2009,5/12/2009,12-May,132,7587,62
134,8739.612,17.5,4DY09,31,5,2009,4DY09 62 1 60BON 1,1,5/31/2009,5/13/2009,13-May,133,7860,62
135,9141.9288,21.67,4DY09,31,5,2009,4DY09 62 1 60BON 1,1,5/31/2009,5/9/2009,9-May,129,8244,62
62,10282.8741,31.67,4DY08,28,5,2008,4DY08 63 1 60BON 1,1,5/28/2008,4/26/2008,26-Apr,117,9333,63
109,8042.8915,16.67,3DY10,26,5,2010,3DY10 67 1 60BON 1,1,5/26/2010,5/9/2010,9-May,129,7195,67
58,9414.3308,23.67,4DY08,28,5,2008,4DY08 68 1 60BON 1,1,5/28/2008,5/4/2008,4-May,125,8504,68
59,11785.2759,29.67,4DY08,28,5,2008,4DY08 68 1 60BON 1,1,5/28/2008,4/28/2008,28-Apr,119,10767,68
108,11522.3032,40,3DY10,26,5,2010,3DY10 71 1 60BON 1,1,5/26/2010,4/16/2010,16-Apr,106,10516,71
107,11524.3986,34.67,3DY10,26,5,2010,3DY10 72 1 60BON 1,1,5/26/2010,4/21/2010,21-Apr,111,10518,72
106,8353.0107,19,3DY10,27,5,2010,3DY10 76 1 60BON 1,1,5/27/2010,5/8/2010,8-May,128,7491,76
131,6957.4743,13,4DY09,1,6,2009,4DY09 77 1 60BON 1,1,6/1/2009,5/19/2009,19-May,139,6159,77
133,8323.6751,15,4DY09,1,6,2009,4DY09 77 1 60BON 1,1,6/1/2009,5/17/2009,17-May,137,7463,77
105,8934.4842,21.33,3DY10,27,5,2010,3DY10 77 1 60BON 1,1,5/27/2010,5/5/2010,5-May,125,8046,77
130,9178.5983,17.33,4DY09,1,6,2009,4DY09 77 1 60BON 1,1,6/1/2009,5/14/2009,14-May,134,8279,77
132,9813.5045,23.67,4DY09,1,6,2009,4DY09 77 1 60BON 1,1,6/1/2009,5/8/2009,8-May,128,8885,77
46,6762.07825,12.5,DY13-06,22,5,2013,DY13-06 80 1 60BON 1,1,5/22/2013,5/9/2013,9-May,129,5972.5,80
49,8679.8931,16.33,DY13-06,22,5,2013,DY13-06 80 1 60BON 1,1,5/22/2013,5/5/2013,5-May,125,7803,80
48,9050.46459,22,DY13-06,22,5,2013,DY13-06 80 1 60BON 1,1,5/22/2013,4/30/2013,30-Apr,120,8156.7,80
50,9682.542,26.67,DY13-06,22,5,2013,DY13-06 80 1 60BON 1,1,5/22/2013,4/25/2013,25-Apr,115,8760,80
127,7945.4554,19.33,4DY09,1,6,2009,4DY09 81 1 60BON 1,1,6/1/2009,5/12/2009,12-May,132,7102,81
125,8423.2066,14.5,4DY09,1,6,2009,4DY09 81 1 60BON 1,1,6/1/2009,5/17/2009,17-May,137,7558,81
104,9132.4995,27.33,3DY10,27,5,2010,3DY10 81 1 60BON 1,1,5/27/2010,4/29/2010,29-Apr,119,8235,81
129,9772.6442,28.67,4DY09,1,6,2009,4DY09 81 1 60BON 1,1,6/1/2009,5/3/2009,3-May,123,8846,81
126,9909.8929,26.67,4DY09,1,6,2009,4DY09 81 1 60BON 1,1,6/1/2009,5/5/2009,5-May,125,8977,81
102,12441.1361,44.33,3DY10,27,5,2010,3DY10 84 1 60BON 1,1,5/27/2010,4/12/2010,12-Apr,102,11393,84
103,12735.5398,55.67,3DY10,27,5,2010,3DY10 84 1 60BON 1,1,5/27/2010,4/1/2010,1-Apr,91,11674,84
194,9030.8726,24.5,DY17-05,19,5,2017,DY17-05 85 1 60BON 1,1,5/19/2017,4/24/2017,24-Apr,114,8138,85
195,10617.0904,29.5,DY17-05,19,5,2017,DY17-05 85 1 60BON 1,1,5/19/2017,4/19/2017,19-Apr,109,9652,85
192,12013.6745,41.33,DY17-05,19,5,2017,DY17-05 85 1 60BON 1,1,5/19/2017,4/7/2017,7-Apr,97,10985,85
193,12029.39,34.33,DY17-05,19,5,2017,DY17-05 85 1 60BON 1,1,5/19/2017,4/14/2017,14-Apr,104,11000,85
196,12896.8856,38.5,DY17-05,19,5,2017,DY17-05 85 1 60BON 1,1,5/19/2017,4/10/2017,10-Apr,100,11828,85
24,9883.7004,29.33,DY15-05,23,5,2015,DY15-05 92 1 60BON 1,1,5/23/2015,4/23/2015,23-Apr,113,8952,92
23,9932.9423,24.67,DY15-05,23,5,2015,DY15-05 92 1 60BON 1,1,5/23/2015,4/28/2015,28-Apr,118,8999,92
22,11450.0119,34.67,DY15-05,24,5,2015,DY15-05 98 1 60BON 1,1,5/24/2015,4/19/2015,19-Apr,109,10447,98
206,5963.207,22.5,DY19-05,14,5,2019,DY19-05 106 1 60BON 1,1,5/14/2019,4/21/2019,21-Apr,111,5210,106
21,7354.5526,13.5,DY15-05,24,5,2015,DY15-05 106 2 60BON 1,2,5/24/2015,5/10/2015,10-May,130,6538,106
118,9991.6135,24.33,3DY10,29,5,2010,3DY10 110 1 60BON 1,1,5/29/2010,5/4/2010,4-May,124,9055,110
119,11083.3169,34.67,3DY10,29,5,2010,3DY10 110 1 60BON 1,1,5/29/2010,4/24/2010,24-Apr,114,10097,110
116,12151.9709,41.67,3DY10,29,5,2010,3DY10 110 1 60BON 1,1,5/29/2010,4/17/2010,17-Apr,107,11117,110
117,12181.3065,40.33,3DY10,29,5,2010,3DY10 110 1 60BON 1,1,5/29/2010,4/18/2010,18-Apr,108,11145,110
101,10729.1943,27,3DY10,29,5,2010,3DY10 115 1 60BON 1,1,5/29/2010,5/2/2010,2-May,122,9759,115
42,6074.2632,12,DY13-06,24,5,2013,DY13-06 117 1 60BON 1,1,5/24/2013,5/12/2013,12-May,132,5316,117
43,7698.1982,18.5,DY13-06,24,5,2013,DY13-06 117 1 60BON 1,1,5/24/2013,5/5/2013,5-May,125,6866,117
44,13117.32168,37,DY13-06,24,5,2013,DY13-06 117 1 60BON 1,1,5/24/2013,4/17/2013,17-Apr,107,12038.4,117
39,7432.0824,13.5,DY13-06,24,5,2013,DY13-06 118 1 60BON 1,1,5/24/2013,5/10/2013,10-May,130,6612,118
38,8573.0277,25.67,DY13-06,24,5,2013,DY13-06 118 1 60BON 1,1,5/24/2013,4/28/2013,28-Apr,118,7701,118
36,8979.5353,27.5,DY13-06,24,5,2013,DY13-06 118 1 60BON 1,1,5/24/2013,4/26/2013,26-Apr,116,8089,118
37,9558.9134,29,DY13-06,24,5,2013,DY13-06 118 1 60BON 1,1,5/24/2013,4/25/2013,25-Apr,115,8642,118
40,13069.7561,38.67,DY13-06,24,5,2013,DY13-06 118 1 60BON 1,1,5/24/2013,4/15/2013,15-Apr,105,11993,118
207,13510.8378,40,DY19-05,15,5,2019,DY19-05 120 2 60BON 1,2,5/15/2019,4/5/2019,5-Apr,95,12414,120
212,11749.6541,41.5,DY19-05,15,5,2019,DY19-05 122 2 60BON 1,2,5/15/2019,4/3/2019,3-Apr,93,10733,122
208,11788.419,36,DY19-05,15,5,2019,DY19-05 122 2 60BON 1,2,5/15/2019,4/9/2019,9-Apr,99,10770,122
99,12121.5876,32.5,3DY10,30,5,2010,3DY10 127 1 60BON 1,1,5/30/2010,4/27/2010,27-Apr,117,11088,127
100,12599.3388,31.5,3DY10,30,5,2010,3DY10 127 1 60BON 1,1,5/30/2010,4/28/2010,28-Apr,118,11544,127
209,8429.4928,28,DY19-05,16,5,2019,DY19-05 135 1 60BON 1,1,5/16/2019,4/18/2019,18-Apr,108,7564,135
123,8246.1453,21.33,4DY09,6,6,2009,4DY09 145 1 60BON 1,1,6/6/2009,5/15/2009,15-May,135,7389,145
124,10047.1416,27.33,4DY09,6,6,2009,4DY09 145 1 60BON 1,1,6/6/2009,5/9/2009,9-May,129,9108,145
120,10825.5827,30.67,4DY09,6,6,2009,4DY09 145 1 60BON 1,1,6/6/2009,5/6/2009,6-May,126,9851,145
121,10861.2045,22,4DY09,6,6,2009,4DY09 145 1 60BON 1,1,6/6/2009,5/15/2009,15-May,135,9885,145
122,11485.6337,40.33,4DY09,6,6,2009,4DY09 145 1 60BON 1,1,6/6/2009,4/26/2009,26-Apr,116,10481,145
197,12682.1071,35.5,DY17-05,23,5,2017,DY17-05 150 1 60BON 1,1,5/23/2017,4/17/2017,17-Apr,107,11623,150
210,9768.4534,35.5,DY19-05,17,5,2019,DY19-05 151 1 60BON 1,1,5/17/2019,4/11/2019,11-Apr,101,8842,151
211,8392.8233,24,DY19-05,18,5,2019,DY19-05 167 1 60BON 1,1,5/18/2019,4/24/2019,24-Apr,114,7529,167
198,10940.8297,36,DY17-05,26,5,2017,DY17-05 168 1 60BON 1,1,5/26/2017,4/20/2017,20-Apr,110,9961,168
201,11776.8943,40,DY17-05,26,5,2017,DY17-05 175 1 60BON 1,1,5/26/2017,4/16/2017,16-Apr,106,10759,175
199,11093.7939,31,DY17-05,26,5,2017,DY17-05 182 1 60BON 1,1,5/26/2017,4/25/2017,25-Apr,115,10107,182
200,15548.6143,51.5,DY17-05,26,5,2017,DY17-05 182 1 60BON 1,1,5/26/2017,4/4/2017,4-Apr,94,14359,182
95,6047.023,12.5,1TX11,1,5,2011,NA,NA,5/1/2011,4/18/2011,18-Apr,108,5290,185
96,6189.5102,8.5,1TX11,1,5,2011,NA,NA,5/1/2011,4/22/2011,22-Apr,112,5426,185
20,14706.2635,44,DY15-05,29,5,2015,DY15-05 190 1 60BON 1,1,5/29/2015,4/15/2015,15-Apr,105,13555,190
26,8080.6087,17.5,DY13-06,31,5,2013,DY13-06 199 1 60BON 1,1,5/31/2013,5/13/2013,13-May,133,7231,199
27,8493.4025,19,DY13-06,31,5,2013,DY13-06 199 1 60BON 1,1,5/31/2013,5/12/2013,12-May,132,7625,199
29,8958.5813,28.5,DY13-06,31,5,2013,DY13-06 199 1 60BON 1,1,5/31/2013,5/2/2013,2-May,122,8069,199
30,10454.6969,30,DY13-06,31,5,2013,DY13-06 199 1 60BON 1,1,5/31/2013,5/1/2013,1-May,121,9497,199
28,11302.2862,41.67,DY13-06,31,5,2013,DY13-06 199 1 60BON 1,1,5/31/2013,4/19/2013,19-Apr,109,10306,199
19,11253.0443,34.67,DY15-05,30,5,2015,DY15-05 207 1 60BON 1,1,5/30/2015,4/25/2015,25-Apr,115,10259,207
18,13351.5874,53.33,DY15-05,30,5,2015,DY15-05 207 1 60BON 1,1,5/30/2015,4/6/2015,6-Apr,96,12262,207
17,17175.6924,62,DY15-05,3,6,2015,DY15-05 250 1 60BON 1,1,6/3/2015,4/2/2015,2-Apr,92,15912,250
216,13318.061,48,DY17-05,31,5,2017,DY17-05 251 1 60BON 1,1,5/31/2017,4/13/2017,13-Apr,103,12230,251
218,16756.6124,66.5,DY17-05,31,5,2017,DY17-05 251 1 60BON 1,1,5/31/2017,3/25/2017,25-Mar,84,15512,251
217,20339.7464,83.5,DY17-05,31,5,2017,DY17-05 251 1 60BON 1,1,5/31/2017,3/8/2017,8-Mar,67,18932,251
220,21382.2079,85,DY17-05,31,5,2017,DY17-05 251 1 60BON 1,1,5/31/2017,3/7/2017,7-Mar,66,19927,251
219,21827.4804,85.5,DY17-05,31,5,2017,DY17-05 251 1 60BON 1,1,5/31/2017,3/6/2017,6-Mar,65,20352,251
16,16221.2377,63.67,DY15-05,4,6,2015,DY15-05 270 1 60BON 1,1,6/4/2015,4/1/2015,1-Apr,91,15001,270
94,5949.5869,12,1TX11,1,5,2011,NA,NA,5/1/2011,4/19/2011,19-Apr,109,5197,185
97,6840.1319,13,1TX11,1,5,2011,NA,NA,5/1/2011,4/18/2011,18-Apr,108,6047,185
98,7587.142,12,1TX11,1,5,2011,NA,NA,5/1/2011,4/19/2011,19-Apr,109,6760,185
